名前,淡いライバーカラー,濃いライバーカラー,超濃いライバーカラー,淡いサブカラー,濃いサブカラー,ライバー文字色,サブ文字色,VtL,卒業,読み,完全読み
月ノ美兎,#E43F3B,#E43F3B,#3f4681,#ff82aa,#ff82aa,#FFFFFF,#FFFFFF,「行きましょう！」,FALSE,月ノ美兎 美兎 つきのみと みと tsukino mito 委員長 いいんちょう,
勇気ちひろ,#7BB3EE,#7BB3EE,#2a8bed,#5561d1,#5561d1,#FFFFFF,#FFFFFF,「行こう！」,TRUE,勇気ちひろ ゆうきちひろ ちひろ chihiro yuki yuuki ちー tihiro,
える,#E2364F,#E2364F,#744474,#e9d5d4,#aa9b9b,#FFFFFF,#FFFFFF,「行こう！」,FALSE,える elu eru えるえる どこどこやったぜ ドコドコヤッタゼ エルフ スノー・ホワイト・パラダイス・エルサント・フロウ・ワスレナ・ピュア・プリンセス・リーブル・ラブ・ハイデルン・ドコドコ・ヤッタゼ・ヴァルキュリア・パッション・アールヴ・ノエル・チャコボシ・エルアリア・フロージア・メイドイン・ブルーム・エル すのーほわいとぱらだいすえるさんとふろうわすれなぴゅあぷりんせすりーぶるらぶはいでるんどこどこやったぜゔぁるきゅりあぱっしょんあーるゔのえるちゃこぼしえるありあふろーじあめいどいんぶるーむえる,
渋谷ハジメ,#D7FAD7,#7fad81,#899433,#9fa9f7,#75a3ee,#374c38,#FFFFFF,「行こう！」,FALSE,渋谷ハジメ ハジメ しぶやはじめ はじめ hajime hazime shibuya sibuya はじき めにき ハジキ メニキ,
樋口楓,#FBAF71,#FBAF71,#E74d3d,#a664d6,#530689,#FFFFFF,#FFFFFF,「行こう！」,FALSE,樋口楓 楓 ひぐちかえで かえで higuchi higuti でろーん,
静凛,#745399,#745399,#5b5b84,#ae6dbc,#ae6dbc,#FFFFFF,#FFFFFF,「行こう！」,FALSE,静凛 凛 しずかりん りん shizuka rin しずりん sizuka,
鈴谷アキ,#F2F9C3,#ebc8a9,#a88f6d,#a8285b,#a8285b,#90a300,#FFFFFF,「行こう！」,TRUE,鈴谷アキ すずや あき アキ suzuya aki,
モイラ,#91ABD0,#91ABD0,#5e6f87,#B9f9ff,#7dcee8,#FFFFFF,#FFFFFF,「行こう！」,FALSE,モイラ もいら moira 女神 めがみ,
鈴鹿詩子,#FA4F62,#FA4F62,#FF93ae,#975d63,#975d63,#FFFFFF,#FFFFFF,「行こう！」,TRUE,鈴鹿 詩子 すずか うたこ suzuka utako お姉さん おねえさん,
宇志海いちご,#FFCACE,#fca3b7,#fe7b97,#c28fc1,#c28fc1,#d66a88,#FFFFFF,「行こう！」,FALSE,宇志海いちご いちご うしみ ushimi ichigo うみうし,
家長むぎ,#FF899D,#FF899D,#fd9ad1,#fbd499,#eeb88f,#FFFFFF,#FFFFFF,「行こう！」,FALSE,家長むぎ いえなが むぎ ienaga mugi,
夕陽リリ,#BFFFFF,#83ccd2,#30e5e5,#fbc6ed,#3d5da9,#3d5da9,#FFFFFF,「行こう！」,FALSE,夕陽リリ リリ ゆうひ りり yuuhi yuhi riri 未来人,
物述有栖,#81D4E2,#81D4E2,#89bfff,#fdf3d2,#89bfff,#FFFFFF,#363442,「行こう！」,FALSE,物述有栖 有栖 もののべ ありす mononobe alice ぽにょにょべ,
文野環,#EBDDB4,#c4971b,#75665f,#21a6b0,#21a6b0,#FFFFFF,#FFFFFF,「行こう！」,FALSE,,
伏見ガク,#FFCB5B,#FFCB5B,#d99a33,#a791aa,#dc7748,#FFFFFF,#FFFFFF,「行こう！」,FALSE,,
ギルザレンⅢ世,#002FA7,#002FA7,#363b38,#b0b2d7,#9d2220,#FFFFFF,#FFFFFF,「行こう！」,FALSE,,
剣持刀也,#A590AF,#8f70ae,#6051a1,#839c36,#839c36,#FFFFFF,#FFFFFF,「行こう！」,FALSE,,
森中花咲,#C8F39A,#bdd463,#8da74a,#f9d1e6,#ff99cb,#618400,#FFFFFF,「行こう！」,FALSE,,
叶,#ABD3D8,#ABD3D8,#55919e,#c7b6a6,#666a74,#FFFFFF,#FFFFFF,「行こう！」,FALSE,叶 kanae かなえ かなかな カナエ,
赤羽葉子,#CA636C,#CA636C,#8a465c,#e25e61,#570b0d,#FFFFFF,#FFFFFF,「行こう！」,FALSE,,
笹木咲,#EF9AAF,#EF9AAF,#193157,#dcb8f2,#6e509e,#FFFFFF,#FFFFFF,「行こう！」,FALSE,,
本間ひまわり,#FBE340,#FF9D45,#FF8114,#bde83e,#a6db00,#FFFFFF,#FFFFFF,「行こう！」,FALSE,,
魔界ノりりむ,#EF6F94,#D44968,#393138,#7dcef4,#d00000,#FFFFFF,#FFFFFF,「行こう！」,FALSE,魔界ノりりむ りりむ まかいの makaino ririmu いいむ リリム・キスミー・ラブリーハート＝ロリータニア りりむきすみーらぶりーはーとろりーたにあ,
葛葉,#ACA7BB,#ACA7BB,#7A0002,#ACA7BB,#d00000,#FFFFFF,#FFFFFF,「行こう！」,FALSE,葛葉 くずは kuzuha ずは KZH,
椎名唯華,#F1C8DE,#ff82c4,#64394e,#d6a3d7,#ff59ae,#FFFFFF,#FFFFFF,「行こう！」,FALSE,,
ドーラ,#A83E4A,#A83E4A,#f75929,#ff9927,#7A0002,#FFFFFF,#FFFFFF,「行こう！」,FALSE,,
轟京子,#E66186,#E66186,#bc0939,#a89ca0,#F8A69A,#FFFFFF,#FFFFFF,「行こう！」,FALSE,轟京子 轟 京子 とどろき きょうこ todoroki kyoko kyouko ロキ ろき,
シスター・クレア,#DFC6A8,#DFC6A8,#cc9d68,#c2b0e3,#c2b0e4,#FFFFFF,#FFFFFF,「行こう！」,FALSE,,
花畑チャイカ,#40CF84,#40CF84,#00a43d,#fff100,#151515,#FFFFFF,#FFFFFF,「行こう！」,FALSE,花畑チャイカ チャイカ はなばたけ ちゃいか hanabatake chaika ブライン チャイカ・ブライン チャイちゃん 第一第二第三皇女,
社築,#B6C6F2,#7495f2,#003985,#7b91ce,#003985,#FFFFFF,#FFFFFF,「行こう！」,FALSE,,
安土桃,#F295CE,#F295CE,#e54057,#58b341,#4a4d8a,#FFFFFF,#FFFFFF,「行こう！」,TRUE,,
鈴木勝,#7B788A,#5f5f5f,#9f86ca,#666AA9,#666AA9,#FFFFFF,#FFFFFF,「行こう！」,FALSE,,
緑仙,#5DCCAB,#5DCCAB,#0f5f52,#992726,#27a2ad,#FFFFFF,#FFFFFF,「行こう！」,FALSE,緑仙 りゅーしぇん 仙河緑 ryushen しぇん みどり せんが,
卯月コウ,#F9E97A,#e2c400,#b3a797,#00a0c1,#00a0c1,#594e46,#FFFFFF,「いっぞ！」,FALSE,,
神田笑一,#F4D35B,#F4D35B,#F4D35B,,,#FFFFFF,#FFFFFF,「行こう！」,FALSE,,
飛鳥ひな,#FAD8DC,#FAD8DC,#FAD8DC,,,#FFFFFF,#FFFFFF,「行こう！」,FALSE,,
春崎エアル,#4B5F9E,#4B5F9E,#4B5F9E,,#32adc6,#FFFFFF,#FFFFFF,「行こう！」,FALSE,,
雨森小夜,#756F7D,#756F7D,#756F7D,,,#FFFFFF,#FFFFFF,「行こう！」,FALSE,,
鷹宮リオン,#CC3D7B,#CC3D7B,#CC3D7B,,,#FFFFFF,#FFFFFF,「行こう！」,FALSE,,
舞元啓介,#094078,#094078,#094078,,#AFC9A4,#FFFFFF,#FFFFFF,「行こう！」,FALSE,,
竜胆尊,#745BFF,#745BFF,#745BFF,#CCCEF6,,#FFFFFF,#FFFFFF,「行こう！」,FALSE,竜胆尊 尊 りんどう みこと rindou mikoto わらわ,
でびでび・でびる,#444C7D,#444C7D,#444C7D,,,#FFFFFF,#FFFFFF,「行こう！」,FALSE,でびでび・でびる でびでびでびる debidebi debiru おそろしいあくま でび様 でびちゃん,
桜凛月,#C57FC7,#C57FC7,#C57FC7,,,#FFFFFF,#FFFFFF,「行こう！」,FALSE,,
町田ちま,#80C8EF,#80C8EF,#80C8EF,#EDDDBB,,#FFFFFF,#FFFFFF,「行こう！」,FALSE,,
ジョー・力一,#D598DD,#D598DD,#D598DD,,,#FFFFFF,#FFFFFF,「行こう！」,FALSE,,
成瀬鳴,#E06489,#E06489,#E06489,,,#FFFFFF,#FFFFFF,「行こう！」,TRUE,,
ベルモンド・バンデラス,#683D46,#683D46,#683D46,,,#FFFFFF,#FFFFFF,「行こう！」,FALSE,,
矢車りね,#FEECD8,#FEECD8,#FEECD8,,,#FFFFFF,#FFFFFF,「行こう！」,FALSE,,
夢追翔,#AC324B,#AC324B,#AC324B,,,#FFFFFF,#FFFFFF,「行こう！」,FALSE,,
黒井しば,#585C82,#585C82,#585C82,,,#FFFFFF,#FFFFFF,「行こう！」,FALSE,黒井しば くろい しば しばちゃん kuroi shiba siba 犬,
童田明治,#E34E4F,#E34E4F,#E34E4F,#F3A016,,#FFFFFF,#FFFFFF,「行こう！」,TRUE,,
郡道美玲,#A20063,#A20063,#A20063,#836000,,#FFFFFF,#FFFFFF,「行こう！」,TRUE,,
夢月ロア,#D8368D,#D8368D,#D8368D,,,#FFFFFF,#FFFFFF,「行こう！」,FALSE,,
小野町春香,#FF336E,#FF336E,#FF336E,,,#FFFFFF,#FFFFFF,「行こう！」,TRUE,,
語部紡,#07A4E3,#07A4E3,#07A4E3,,,#FFFFFF,#FFFFFF,「行こう！」,FALSE,,
御伽原江良,#FFBE5C,#FFBE5C,#FFBE5C,,,#FFFFFF,#FFFFFF,「行こう！」,TRUE,,
戌亥とこ,#92F3A4,#92F3A4,#92F3A4,#9D3757,,#FFFFFF,#FFFFFF,「行こう！」,FALSE,,
アンジュ・カトリーナ,#C83C35,#C83C35,#C83C35,,,#FFFFFF,#FFFFFF,「行こう！」,FALSE,,
リゼ・ヘルエスタ,#42FFFF,#42FFFF,#42FFFF,,,#FFFFFF,#FFFFFF,「行こう！」,FALSE,リゼ・ヘルエスタ ヘルエスタ りぜ へるえすた Lize helesta 皇女殿下,
三枝明那,#F03C32,#F03C32,#F03C32,#392D47,,#FFFFFF,#FFFFFF,「行こう！」,FALSE,三枝明那 明那 さえぐさ あきな saegusa akina アッキーナ あっきーな,
愛園愛美,#F98FB7,#F98FB7,#F98FB7,,,#FFFFFF,#FFFFFF,「行こう！」,FALSE,,
鈴原るる,#D7AFA8,#D7AFA8,#D7AFA8,,,#FFFFFF,#FFFFFF,「行こう！」,FALSE,,
雪城眞尋,#B4E9FF,#B4E9FF,#B4E9FF,,,#FFFFFF,#FFFFFF,「行こう！」,FALSE,,
エクス・アルビオ,#5C9BBC,#5C9BBC,#5C9BBC,,,#FFFFFF,#FFFFFF,「行こう！」,FALSE,エクス・アルビオ エクスアルビオ えくすあるびお あるびお ex albio えびお エビオ abo ABO,
レヴィ・エリファ,#FF5A00,#FF5A00,#ef851b,#E8E1E8,,#FFFFFF,#FFFFFF,「行こう！」,FALSE,レヴィ・エリファ レヴィエリファ エリファ れゔぃ えりふぁ levi elipha れび 亜人,
葉山舞鈴,#72D5CE,#72D5CE,#72D5CE,#D9EC33,,#FFFFFF,#FFFFFF,「行こう！」,FALSE,,
ニュイ・ソシエール,#D24E5F,#D24E5F,#D24E5F,,,#FFFFFF,#FFFFFF,「行こう！」,FALSE,,
葉加瀬冬雪,#EEFFFF,#EEFFFF,#545f6d,#c3cee6,#acc1d3,#545f6d,#FFFFFF,「行こう！」,FALSE,葉加瀬冬雪 葉加瀬 冬雪 はかせ ふゆき hakase fuyuki huyuki はかちぇ,
加賀美ハヤト,#B9ADB9,#B9ADB9,#B9ADB9,,,#FFFFFF,#FFFFFF,「行こう！」,FALSE,,
夜見れな,#F7265A,#F7265A,#F7265A,,,#FFFFFF,#FFFFFF,「行こう！」,FALSE,,
アルス・アルマル,#7FD6E2,#7FD6E2,#7FD6E2,,,#FFFFFF,#FFFFFF,「行こう！」,FALSE,,
相羽ういは,#324CAC,#324CAC,#324CAC,,,#FFFFFF,#FFFFFF,「行こう！」,TRUE,,
天宮こころ,#C5EDFF,#C5EDFF,#C5EDFF,,,#FFFFFF,#FFFFFF,「行こう！」,FALSE,,
エリー・コニファー,#DAFFF9,#DAFFF9,#DAFFF9,#77BC78,,#FFFFFF,#FFFFFF,「行こう！」,FALSE,エリー・コニファー エリー コニファー えりー こにふぁー eli conifer エリコニ,
ラトナ・プティ,#F36C21,#F36C21,#F36C21,#F8B759,#F8B759,#FFFFFF,#FFFFFF,「行こう！」,FALSE,,
早瀬走,#AA7BE8,#AA7BE8,#AA7BE8,,,#FFFFFF,#FFFFFF,「行こう！」,FALSE,,
健屋花那,#FF2FA2,#FF2FA2,#FF2FA2,,,#FFFFFF,#FFFFFF,「行こう！」,FALSE,,
シェリン・バーガンディ,#6C2735,#6C2735,#6C2735,,,#FFFFFF,#FFFFFF,「行こう！」,FALSE,シェリン・バーガンディ バーガンディ しぇりん ばーがんでぃ shellin burgundy 探偵 名探偵,
フミ,#F4E49D,#F4E49D,#F4E49D,,,#FFFFFF,#FFFFFF,「行こう！」,FALSE,フミ ふみ Fumi Humi,
星川サラ,#FAB80D,#FAB80D,#FAB80D,,,#FFFFFF,#FFFFFF,「行こう！」,FALSE,,
山神カルタ,#384B5A,#384B5A,#384B5A,,,#FFFFFF,#FFFFFF,「行こう！」,FALSE,,
えま★おうがすと,#B32F51,#B32F51,#B32F51,,,#FFFFFF,#FFFFFF,「行こう！」,FALSE,,
ルイス・キャミー,#E86A74,#E86A74,#E86A74,,,#FFFFFF,#FFFFFF,「行こう！」,FALSE,,
魔使マオ,#C93965,#C93965,#C93965,,,#FFFFFF,#FFFFFF,「行こう！」,FALSE,,
不破湊,#BF69F4,#BF69F4,#BF69F4,,,#FFFFFF,#FFFFFF,「行こう！」,FALSE,,
白雪巴,#6E3FE7,#6E3FE7,#6E3FE7,,,#FFFFFF,#FFFFFF,「行こう！」,FALSE,,
グウェル・オス・ガール,#F04B2D,#F04B2D,#F04B2D,,,#FFFFFF,#FFFFFF,「行こう！」,TRUE,,
ましろ爻,#1E2232,#1E2232,#1E2232,,,#FFFFFF,#FFFFFF,「行こう！」,FALSE,,
来栖夏芽,#8AD1EF,#8AD1EF,#8AD1EF,,#880223,#FFFFFF,#FFFFFF,「行こう！」,FALSE,,
フレン・E・ルスタリオ,#EC1D2F,#EC1D2F,#EC1D2F,,,#FFFFFF,#FFFFFF,「行こう！」,FALSE,,
メリッサ・キンレンカ,#D3F377,#D3F377,#D3F377,,,#FFFFFF,#FFFFFF,「行こう！」,TRUE,,
イブラヒム,#7CA1F0,#7CA1F0,#7CA1F0,,,#FFFFFF,#FFFFFF,「行こう！」,FALSE,,
長尾景,#625DA1,#625DA1,#625DA1,,,#FFFFFF,#FFFFFF,「行こう！」,FALSE,長尾景 ながお けい ケイナガオ kei nagao 景,
弦月藤士郎,#B43246,#B43246,#B43246,,,#FFFFFF,#FFFFFF,「行こう！」,FALSE,弦月藤士郎 藤士郎 げんづき とうじろう genzuki tojiro genduki toziro touzirou おげん,
甲斐田晴,#4DD7E3,#4DD7E3,#58aba8,#ffff8e,#7c3440,#FFFFFF,#7c3440,「行こう！」,FALSE,甲斐田晴 晴 かいだ はる kaida haru,
空星きらめ,#44DDF4,#44DDF4,#44DDF4,,,#FFFFFF,#FFFFFF,「行こう！」,FALSE,空星きらめ きらめ そらほし sorahoshi sorahosi kirame きらーめ,
朝日南アカネ,#B7282E,#B7282E,#B7282E,,,#FFFFFF,#FFFFFF,「行こう！」,TRUE,朝日南 アカネ あさひな あかね asahina akane あーこ,
周央サンゴ,#EF8468,#EF8468,#EF8468,,,#FFFFFF,#FFFFFF,「行こう！」,FALSE,周央サンゴ サンゴ すおう さんご 周防 suo sango ンゴ んご ngo,
東堂コハク,#EA930A,#EA930A,#EA930A,,,#FFFFFF,#FFFFFF,「行こう！」,FALSE,東堂コハク コハク とうどう こはく todo toudou kohaku コハック こはっく,
北小路ヒスイ,#38B48B,#38B48B,#38B48B,,,#FFFFFF,#FFFFFF,「行こう！」,FALSE,北小路ヒスイ ヒスイ きたこうじ ひすい kitakoji kitakozi kitakouji kitakouzi ひすぴ ヒスピ,
西園チグサ,#3A8FB7,#3A8FB7,#3A8FB7,,,#FFFFFF,#FFFFFF,「行こう！」,FALSE,西園チグサ チグサ にしぞの ちぐさ nishizono nisizono chigusa tigusa おちぐ ちぐちゃん,
アクシア・クローネ,#00A6FE,#00A6FE,#00A6FE,,,#FFFFFF,#FFFFFF,「行こう！」,TRUE,,
ローレン・イロアス,#C10E49,#C10E49,#C10E49,,,#FFFFFF,#FFFFFF,「行こう！」,FALSE,,
レオス・ヴィンセント,#234A87,#234A87,#234A87,,,#FFFFFF,#FFFFFF,「行こう！」,FALSE,,
オリバー・エバンス,#BCC37E,#BCC37E,#BCC37E,,,#FFFFFF,#FFFFFF,「行こう！」,FALSE,,
レイン・パターソン,#F74848,#F74848,#F74848,,,#FFFFFF,#FFFFFF,「行こう！」,FALSE,,
天ヶ瀬むゆ,#FA5578,#FA5578,#FA5578,,,#FFFFFF,#FFFFFF,「行こう！」,FALSE,天ヶ瀬むゆ 天ヶ瀬 むゆ あまがせ awagase muyu むゆち,天ヶ瀬夢癒
先斗寧,#5A7DFF,#5A7DFF,#5A7DFF,,,#FFFFFF,#FFFFFF,「行こう！」,FALSE,先斗寧 先斗 寧 ぽんと ねい ponto nei,
海妹四葉,#FFE632,#FFE632,#FFE632,,,#FFFFFF,#FFFFFF,「行こう！」,FALSE,海妹四葉 海妹 四葉 うみせ よつは umise yotsuha はぴ よつはぴ,
壱百満天原サロメ,#CD3796,#CD3796,#CD3796,,,#FFFFFF,#FFFFFF,「行こう！」,FALSE,,
風楽奏斗,#F0F0F5,#F0F0F5,#F0F0F5,#FAD246,#FAD246,#FFFFFF,#FFFFFF,「行こう！」,FALSE,風楽奏斗 奏斗 ふうら かなと fura huura kanato KNT,
渡会雲雀,#192332,#192332,#192332,#CD3764,#CD3764,#FFFFFF,#FFFFFF,「行こう！」,FALSE,渡会雲雀 雲雀 わたらい ひばり watarai hibari ひば ばり,
四季凪アキラ,#235AAA,#235AAA,#235AAA,,,#FFFFFF,#FFFFFF,「行こう！」,FALSE,四季凪 アキラ しきなぎ あきら shikinagi akira なぎ 凪,
セラフ・ダズルガーデン,#DC3C41,#DC3C41,#DC3C41,,,#FFFFFF,#FFFFFF,「行こう！」,FALSE,セラフ・ダズルガーデン セラフダズルガーデン ダズルガーデン せらふ だずるがーでん がーでんSeraph Dazzlegarden,美園聡
タカ ラジマン,#303764,#303764,#303764,,,#FFFFFF,#FFFFFF,「行こう！」,TRUE,,
ゼア コルネリア,#FBEC5D,#FBEC5D,#FBEC5D,,,#FFFFFF,#FFFFFF,「行こう！」,TRUE,,
ハナ マキア,#FFEFD5,#FFEFD5,#FFEFD5,,,#FFFFFF,#FFFFFF,「行こう！」,FALSE,,
ライ ガリレイ,#7DF9FF,#7DF9FF,#7DF9FF,,,#FFFFFF,#FFFFFF,「行こう！」,FALSE,,
アミシア ミシェラ,#45E101,#45E101,#45E101,,,#FFFFFF,#FFFFFF,「行こう！」,TRUE,,
ミユ オッタフィア,#FFAB75,#FFAB75,#FFAB75,,,#FFFFFF,#FFFFFF,「行こう！」,TRUE,,
リクサ ディレンドラ,#FF0103,#FF0103,#FF0103,,,#FFFFFF,#FFFFFF,「行こう！」,TRUE,,
アズラ セシリア,#1B486F,#1B486F,#1B486F,,,#FFFFFF,#FFFFFF,「行こう！」,TRUE,,
ナラ ハラマウン,#26C2CD,#26C2CD,#26C2CD,#FEA191,,#FFFFFF,#FFFFFF,「行こう！」,TRUE,,
ライラ アルストロエメリア,#F78181,#F78181,#F78181,#F9CACA,,#FFFFFF,#FFFFFF,「行こう！」,FALSE,,
エトナ クリムソン,#DC143C,#DC143C,#DC143C,,,#FFFFFF,#FFFFFF,「行こう！」,FALSE,,
ボンニフィエール プラナジャ,#00FFCD,#00FFCD,#00FFCD,,,#FFFFFF,#FFFFFF,「行こう！」,TRUE,,
シスカ レオンタイン,#FFDFA0,#FFDFA0,#FFDFA0,,,#FFFFFF,#FFFFFF,「行こう！」,TRUE,,
ナギサ アルシニア,#CC338B,#CC338B,#CC338B,,,#FFFFFF,#FFFFFF,「行こう！」,FALSE,,
デレム カド,#F6D4DF,#F6D4DF,#F6D4DF,,,#FFFFFF,#FFFFFF,「行こう！」,FALSE,,
レザ アファンルナ,#765CB8,#765CB8,#765CB8,,,#FFFFFF,#FFFFFF,「行こう！」,TRUE,,
ヒョナ エラティオラ,#800020,#800020,#800020,,,#FFFFFF,#FFFFFF,「行こう！」,TRUE,,
シア エカフィラ,#F2F680,#F2F680,#F2F680,,,#FFFFFF,#FFFFFF,「行こう！」,TRUE,,
ミカ メラティカ,#DDBFF8,#DDBFF8,#DDBFF8,,,#FFFFFF,#FFFFFF,「行こう！」,TRUE,,
ミン スゥーハ,#5AC8FF,#5AC8FF,#5AC8FF,,,#FFFFFF,#FFFFFF,「行こう！」,FALSE,,
ガオン,#F9E072,#F9E072,#F9E072,,,#FFFFFF,#FFFFFF,「行こう！」,FALSE,,
ハン チホ,#645E5D,#645E5D,#645E5D,,,#FFFFFF,#FFFFFF,「行こう！」,TRUE,,
ソ ナギ,#7C86DE,#7C86DE,#7C86DE,,,#FFFFFF,#FFFFFF,「行こう！」,FALSE,,
イ シウ,#811528,#811528,#811528,,,#FFFFFF,#FFFFFF,「行こう！」,TRUE,,
ヌン ボラ,#ECBCFF,#ECBCFF,#ECBCFF,,,#FFFFFF,#FFFFFF,「行こう！」,TRUE,,
明楽レイ,#A9CEEC,#A9CEEC,#A9CEEC,,,#FFFFFF,#FFFFFF,「行こう！」,FALSE,,
イ ロハ,#FDFF7A,#FDFF7A,#FDFF7A,#EC399B,#FF2649,#FFFFFF,#FFFFFF,「行こう！」,FALSE,,
ヤン ナリ,#FAD1D6,#FAD1D6,#FAD1D6,,#FFF8C8,#FFFFFF,#FFFFFF,「行こう！」,FALSE,,
リュ ハリ,#96CEEB,#96CEEB,#96CEEB,,,#FFFFFF,#FFFFFF,「行こう！」,FALSE,,
シン ギル,#B0C4C7,#B0C4C7,#B0C4C7,,,#FFFFFF,#FFFFFF,「行こう！」,TRUE,,
オ ジユ,#F1F4F4,#F1F4F4,#F1F4F4,,,#FFFFFF,#FFFFFF,「行こう！」,FALSE,オ・ジユ ジユ じゆ Oh Jiyu 오지유,
セフィナ,#C92235,#C92235,#C92235,,,#FFFFFF,#FFFFFF,「行こう！」,FALSE,,
バン ハダ,#DDBC0B,#DDBC0B,#DDBC0B,,,#FFFFFF,#FFFFFF,「行こう！」,TRUE,,
ハ ユン,#B14D4D,#B14D4D,#B14D4D,,,#FFFFFF,#FFFFFF,「行こう！」,FALSE,,
ナ セラ,#FEECF3,#FEECF3,#FEECF3,,,#FFFFFF,#FFFFFF,「行こう！」,FALSE,ナ・セラ セラ せら Na Sera 나세라,
小清水透,#CDA5FF,#CDA5FF,#CDA5FF,,,#FFFFFF,#FFFFFF,「行こう！」,FALSE,,
獅子堂あかり,#FFD728,#FFD728,#FFD728,,,#FFFFFF,#FFFFFF,「行こう！」,FALSE,,
鏑木ろこ,#198CAA,#198CAA,#198CAA,,,#FFFFFF,#FFFFFF,「行こう！」,FALSE,,
五十嵐梨花,#FF8C3C,#FF8C3C,#FF8C3C,,,#FFFFFF,#FFFFFF,「行こう！」,FALSE,,
石神のぞみ,#E6325F,#E6325F,#E6325F,,,#FFFFFF,#FFFFFF,「行こう！」,FALSE,,
ソフィア・ヴァレンタイン,#C8C3DC,#C8C3DC,#C8C3DC,,,#FFFFFF,#FFFFFF,「行こう！」,FALSE,,
倉持めると,#EB4682,#EB4682,#EB4682,,,#FFFFFF,#FFFFFF,「行こう！」,FALSE,,
佐伯イッテツ,#8C4664,#8C4664,#8C4664,,,#FFFFFF,#FFFFFF,「行こう！」,FALSE,佐伯イッテツ イッテツ いってつ さいき saiki ittetsu,佐伯一徹
赤城ウェン,#FF8C9B,#FF8C9B,#FF8C9B,,,#FFFFFF,#FFFFFF,「行こう！」,FALSE,赤城ウェン あかぎ うぇん ウェン wen KPニキ ニキ けーぴー akagi,
宇佐美リト,#FAC31E,#FAC31E,#FAC31E,,,#FFFFFF,#FFFFFF,「行こう！」,FALSE,宇佐美リト リト うさみ りと usami rito,
緋八マナ,#64C8F0,#64C8F0,#64C8F0,,,#FFFFFF,#FFFFFF,「行こう！」,FALSE,緋八マナ マナ ひばち まな hibachi hibati mana,
星導ショウ,#A58CDC,#A58CDC,#A58CDC,,,#FFFFFF,#FFFFFF,「行こう！」,FALSE,星導ショウ ほしるべ しょう hoshirube sho hosirube syo ショウ るべ しるべすた sylvestar タコ たこ 蛸,星導晶
叢雲カゲツ,#6EB487,#6EB487,#6EB487,,,#FFFFFF,#FFFFFF,「行こう！」,FALSE,叢雲カゲツ カゲツ むらくも かげつ nurakumo kagetsu 忍者,
小柳ロウ,#5A5FAA,#5A5FAA,#5A5FAA,,,#FFFFFF,#FFFFFF,「行こう！」,FALSE,小柳ロウ ロウ こやなぎ ろう koyanagi rou,
伊波ライ,#DCFF50,#DCFF50,#DCFF50,,,#FFFFFF,#FFFFFF,「行こう！」,FALSE,伊波ライ ライ いなみ らい inami rai いなみそ みそ メカニック,
立伝都々,#C31E5A,#C31E5A,#C31E5A,#8FDED0,#8FDED0,#FFFFFF,#FFFFFF,「行こう！」,FALSE,立伝都々 立伝 都々 たちつて とと tachitsute toto tatitute,
栞葉るり,#2887FF,#2887FF,#2887FF,,,#FFFFFF,#FFFFFF,「行こう！」,FALSE,,
ミラン・ケストレル,#2C35BD,#2C35BD,#2C35BD,,,#FFFFFF,#FFFFFF,「行こう！」,FALSE,ミラン・ケストレル ミラン ケストレル みらん けすとれる milan kestrel,鬼伏千隼
北見遊征,#FF6E1E,#FF6E1E,#FF6E1E,#BEBED2,#BEBED2,#FFFFFF,#FFFFFF,「行こう！」,FALSE,,
魁星,#0C6F72,#0C6F72,#0C6F72,,,#FFFFFF,#FFFFFF,「行こう！」,FALSE,,
榊ネス,#C2AAE6,#C2AAE6,#C2AAE6,,,#FFFFFF,#FFFFFF,「行こう！」,FALSE,,
司賀りこ,#FFE36C,#FFE36C,#FFE36C,#839DDE,#839DDE,#FFFFFF,#FFFFFF,「行こう！」,FALSE,,
珠乃井ナナ,#63AED9,#63AED9,#63AED9,#FFC547,#FFC547,#FFFFFF,#FFFFFF,「行こう！」,FALSE,,
綺沙良,#846FC7,#846FC7,#846FC7,#9394B2,#9394B2,#FFFFFF,#FFFFFF,「行こう！」,FALSE,,
梢桃音,#FFC6E2,#FFC6E2,#FFC6E2,#DECDFC,#DECDFC,#FFFFFF,#FFFFFF,「行こう！」,FALSE,,
ルンルン,#D8E9FC,#D8E9FC,#D8E9FC,#F6F9FF,#F6F9FF,#FFFFFF,#FFFFFF,「行こう！」,FALSE,ルンルン るんるん lunlun runrun ちょま  るんちょま けもーの ケモーノ,
七瀬すず菜,#9DD9B9,#9DD9B9,#B9E089,#EA6969,#EA6969,#FFFFFF,#FFFFFF,「行こう！」,FALSE,七瀬すず菜 七瀬 すず菜 ななせ すずな nanase suzuna すーぴ,
早乙女ベリー,#DF6D7C,#DF6D7C,#DF6D7C,#BE9BCD,#BE9BCD,#FFFFFF,#FFFFFF,「行こう！」,FALSE,早乙女ベリー 早乙女 ベリー さおとめ べりー saotome berry,
雲母たまこ,#FFD264,#FFD264,#FFD264,#E9674D,#E9674D,#FFFFFF,#FFFFFF,「行こう！」,FALSE,雲母たまこ 雲母 たまこ きらら kirara tamako きらたま きらにぱ,
酒寄颯馬,#BA6EA5,#BA6EA5,#BA6EA5,#E4DDD2,#E4DDD2,#FFFFFF,#FFFFFF,「行こう！」,FALSE,酒寄颯馬 酒寄 颯馬 さかより そうま sakayori soma souma,
渚トラウト,#77B6C2,#77B6C2,#77B6C2,#FAA370,#FAA370,#FFFFFF,#FFFFFF,「行こう！」,FALSE,渚トラウト 渚 トラウト なぎさ とらうと nagisa trout ,
一橋綾人,#9FCEC9,#9FCEC9,#9FCEC9,#EFEFEF,#EFEFEF,#FFFFFF,#FFFFFF,「行こう！」,FALSE,,
五木左京,#F3A4A9,#F3A4A9,#F3A4A9,#A7A5AD,#A7A5AD,#FFFFFF,#FFFFFF,「行こう！」,FALSE,,
十河ののは,#7DC7B0,#7DC7B0,#7DC7B0,#E1CC57,#E1CC57,#FFFFFF,#FFFFFF,「行こう！」,FALSE,,
夜牛詩乃,#BD81D4,#BD81D4,#BD81D4,#F0BBC6,#F0BBC6,#FFFFFF,#FFFFFF,「行こう！」,FALSE,,
蝸堂みかる,#FFE673,#FFE673,#FFE673,#9ADBEB,#9ADBEB,#FFFFFF,#FFFFFF,「行こう！」,FALSE,,
猫屋敷美紅,#FF8C73,#FF8C73,#FF8C73,#9992E8,#9992E8,#FFFFFF,#FFFFFF,「行こう！」,FALSE,,
皇れお,#EEB1CC,#EEB1CC,#EEB1CC,#9BF4E8,#9BF4E8,#FFFFFF,#FFFFFF,「行こう！」,FALSE,皇れお すめらぎ れお sumeragi reo,
篠宮ゆの,#AAD9F4,#AAD9F4,#AAD9F4,#F8F482,#F8F482,#FFFFFF,#FFFFFF,「行こう！」,FALSE,篠宮ゆの しのみや ゆの shinomiya yuno ゆのたそ,
城瀬いすみ,#E5E2F6,#E5E2F6,#E5E2F6,#F7CFEA,#F7CFEA,#FFFFFF,#FFFFFF,「行こう！」,FALSE,城瀬いすみ しろせ いすみ いすみゃ みゃ shirose isumi,
花籠つばさ,#818FBF,#818FBF,#818FBF,#A3DADE,#A3DADE,#FFFFFF,#FFFFFF,「行こう！」,FALSE,花籠つばさ はなかご つばさ hanakago tsubasa ごつば,
白砂あやね,#54A2E5,#54A2E5,#54A2E5,#A2E4C7,#A2E4C7,#FFFFFF,#FFFFFF,「行こう！」,FALSE,白砂あやね しらさ あやね shirasa ayane しらす しらす丼 やーね,
水面まどか,#FF8184,#FF8184,#FF8184,#FEBF96,#FEBF96,#FFFFFF,#FFFFFF,「行こう！」,FALSE,水面まどか みなも まどか minamo madoka まどちゃ,
男虎,#442657,#442657,#442657,,,,#FFFFFF,「行こう！」,,,
九里詠太,#CC8F7A,#CC8F7A,#CC8F7A,,,,#FFFFFF,「行こう！」,,,
小々波いるか,#4270B2,#4270B2,#4270B2,#8FBAE8,#8FBAE8,#FFFFFF,#FFFFFF,「行こう！」,FALSE,小々波いるか いるか ここなみ kokonami iruka,
千凛あゆむ,#543298,#543298,#543298,,,,#FFFFFF,「行こう！」,,,
塚原大地,#4A4A5C,#4A4A5C,#4A4A5C,#A44545,#A44545,#FFFFFF,#FFFFFF,「行こう！」,FALSE,塚原大地 大地 つかはら だいち tsukahara daichi 揚げ鶏,
御子神琴音,#D0669A,#D0669A,#D0669A,,,#FFFFFF,#FFFFFF,「行こう！」,FALSE,,
Rei7,#4BB3CE,#4BB3CE,#4BB3CE,,,#FFFFFF,#FFFFFF,「行こう！」,FALSE,,
レヨン,#558E8D,#558E8D,#558E8D,,,#FFFFFF,#FFFFFF,「行こう！」,FALSE,レヨン れよん rayon お野菜,
Elira Pendora,#95C8D8,#95C8D8,#95C8D8,,,#FFFFFF,#FFFFFF,「行こう！」,FALSE,,
Pomu Rainpuff,#258E70,#258E70,#258E70,,,#FFFFFF,#FFFFFF,「行こう！」,TRUE,,
Finana Ryugu,#35D9AD,#35D9AD,#35D9AD,,,#FFFFFF,#FFFFFF,「行こう！」,FALSE,,
Rosemi Lovelock,#DC3753,#DC3753,#DC3753,,,#FFFFFF,#FFFFFF,「行こう！」,TRUE,,
Petra Gurin,#FFAE42,#FFAE42,#FFAE42,,,#FFFFFF,#FFFFFF,「行こう！」,FALSE,,
Enna Alouette,#858ED1,#858ED1,#858ED1,,,#FFFFFF,#FFFFFF,「行こう！」,FALSE,,
Nina Kosaka,#660000,#660000,#660000,,,#FFFFFF,#FFFFFF,「行こう！」,TRUE,,
Reimu Endou,#B90B4A,#B90B4A,#B90B4A,,,#FFFFFF,#FFFFFF,「行こう！」,TRUE,,
Millie Parfait,#FEBC87,#FEBC87,#FEBC87,,,#FFFFFF,#FFFFFF,「行こう！」,FALSE,,
Ike Eveland,#348EC7,#348EC7,#348EC7,,,#FFFFFF,#FFFFFF,「行こう！」,TRUE,,
Mysta Rias,#C3552B,#C3552B,#C3552B,,,#FFFFFF,#FFFFFF,「行こう！」,TRUE,,
Vox Akuma,#960018,#960018,#960018,,,#FFFFFF,#FFFFFF,「行こう！」,FALSE,,
Luca Kaneshiro,#D4AF37,#D4AF37,#D4AF37,,,#FFFFFF,#FFFFFF,「行こう！」,FALSE,,
Shu Yamino,#A660A7,#A660A7,#A660A7,,,#FFFFFF,#FFFFFF,「行こう！」,FALSE,,
Alban Knox,#FF5F00,#FF5F00,#FF5F00,,,#FFFFFF,#FFFFFF,「行こう！」,FALSE,,
Yugo Asuma,#1F51FF,#1F51FF,#1F51FF,,,#FFFFFF,#FFFFFF,「行こう！」,TRUE,,
Fulgur Ovid,#FF0000,#FF0000,#FF0000,,,#FFFFFF,#FFFFFF,「行こう！」,TRUE,,
Sonny Brisko,#FFF321,#FFF321,#FFF321,,,#FFFFFF,#FFFFFF,「行こう！」,FALSE,,
Uki Violeta,#B600FF,#B600FF,#B600FF,,,#FFFFFF,#FFFFFF,「行こう！」,FALSE,,
Kyo Kaneko,#00AFCC,#00AFCC,#00AFCC,,,#FFFFFF,#FFFFFF,「行こう！」,TRUE,,
Maria Marionette,#E55A9B,#E55A9B,#E55A9B,,,#FFFFFF,#FFFFFF,「行こう！」,FALSE,,
Aster Arcadia,#6662A4,#6662A4,#6662A4,,,#FFFFFF,#FFFFFF,「行こう！」,TRUE,,
Aia Amare,#FFFEF7,#FFFEF7,#FFFEF7,,,#FFFFFF,#FFFFFF,「行こう！」,FALSE,,
Ren Zotto,#429B76,#429B76,#429B76,,,#FFFFFF,#FFFFFF,「行こう！」,FALSE,,
Scarle Yonaguni,#E60012,#E60012,#E60012,,,#FFFFFF,#FFFFFF,「行こう！」,FALSE,,
Doppio Dropscythe,#A50082,#A50082,#A50082,,,#FFFFFF,#FFFFFF,「行こう！」,FALSE,,
Hex Haywire,#007199,#007199,#007199,,,#FFFFFF,#FFFFFF,「行こう！」,TRUE,,
Meloco Kyoran,#A09BD8,#A09BD8,#A09BD8,,,#FFFFFF,#FFFFFF,「行こう！」,FALSE,,
Ver Vermillion,#D5345E,#D5345E,#D5345E,,,#FFFFFF,#FFFFFF,「行こう！」,FALSE,,
Kotoka Torahime,#DC6B9A,#DC6B9A,#DC6B9A,,,#FFFFFF,#FFFFFF,「行こう！」,TRUE,,
Yu Q. Wilson,#F5EB28,#F5EB28,#F5EB28,,,#FFFFFF,#FFFFFF,「行こう！」,FALSE,,
Vantacrow Bringer,#8728E1,#8728E1,#8728E1,,,#FFFFFF,#FFFFFF,「行こう！」,FALSE,,
Vezalius Bandage,#C34196,#C34196,#C34196,,,#FFFFFF,#FFFFFF,「行こう！」,FALSE,,
Claude Clawmark,#7D3CAF,#7D3CAF,#7D3CAF,,,#FFFFFF,#FFFFFF,「行こう！」,FALSE,,
Victoria Brightshield,#D7D2EB,#D7D2EB,#D7D2EB,,,#FFFFFF,#FFFFFF,「行こう！」,TRUE,,
Kunai Nakasato,#3C6E64,#3C6E64,#3C6E64,,,#FFFFFF,#FFFFFF,「行こう！」,TRUE,,
Ryoma Barrenwort,#952D22,#952D22,#952D22,,,#FFFFFF,#FFFFFF,「行こう！」,FALSE,,
Klara Charmwood,#DFCDBF,#DFCDBF,#DFCDBF,,,#FFFFFF,#FFFFFF,「行こう！」,FALSE,,
Zeal Ginjoka,#007328,#007328,#007328,,,#FFFFFF,#FFFFFF,「行こう！」,FALSE,,
Freodore,#AA0037,#AA0037,#AA0037,,,#FFFFFF,#FFFFFF,「行こう！」,FALSE,,
Seible,#0A44AA,#0A44AA,#0A44AA,,,#FFFFFF,#FFFFFF,「行こう！」,FALSE,,
Kaelix Debonair,#CDCD00,#CDCD00,#CDCD00,,,#FFFFFF,#FFFFFF,「行こう！」,FALSE,,