曲名,サムネ用リンク,公開日,歌唱,ユニット,男女,備考,備考2,備考3,MV公開,MVリンク,3Dリンク,踊ろう！,振付リンク,振付リンク2,ライバー自身が制作（作曲・イラスト等）,ファンメイド,オンラインライブ等で披露済,カラオケ（DAM）,カラオケ（JOYSOUND）,フィジカルCDリリース,デジタルリリース,サブスクリンク,独特なコーレス,3Dリンク2,3Dリンク3,メモ2,Shortsリンク,その他リンク,その他2,その他3,説明1,メモ3,BPM,疾走感,しっとり・チル,盛り上がる,熱い・パワフル,ワイルド・攻撃的,明るい・ハッピー,可愛い・ポップな,爽やか,透明感,セクシー・色気がある,クール・かっこいい,オシャレ・スタイリッシュ,シリアス・ダーク,壮大・ドラマチック,切ない・ノスタルジック,温かい・優しい,エモーショナル,クセが強い・ユニーク,個数,25↑,最大値,平均,確認用,
浮世の演舞,https://youtu.be/3mTTZuvhdHI?si=3CYIwPcdi0OKiYuq,2020/04/04,長尾景、弦月藤士郎、甲斐田晴,VΔLZ,男性,作詞：VΔLZ,作曲：弦月藤士郎,編曲：弦月藤士郎,TRUE,https://youtu.be/3mTTZuvhdHI?si=3CYIwPcdi0OKiYuq,https://youtu.be/YhHoxoycFg8?si=kuo6VwjReHaVx3Il,FALSE,,,TRUE,FALSE,,,,FALSE,FALSE,,FALSE,,,,,https://www.youtube.com/live/7K0ouzmSCSE?si=HwqeI_kG8hAVbRoP&t=1848,,,VΔLZの出身地『桜魔帝国』を表すような和風エレクトロな雰囲気の楽曲。初配信時にリレーお披露目された。,VS,128,,,,10,,,,,,,30,25,25,10,,,,,5,3,30,20,100,
むじんとうのうた,https://youtu.be/2tOFX4gIEXY?si=6C0sZLaEQwbS2rlB&t=996,2021/10/21,剣持刀也、加賀美ハヤト、不破湊、甲斐田晴,ROF-MAO,男性,作詞：甲斐田晴,作曲：甲斐田晴,,FALSE,,,FALSE,,,TRUE,FALSE,,,,TRUE,FALSE,,FALSE,,,,,https://youtu.be/2tOFX4gIEXY?si=6C0sZLaEQwbS2rlB,https://rof-mao.lnk.to/crack_upID,,,,112,,10,,,,,,15,,,,,,15,,,10,20,5,0,20,14,70,
"New street, New world",https://youtu.be/ujRs5GpOkj0?si=LaVkHvq273Llfjon,2021/11/19,剣持刀也、加賀美ハヤト、不破湊、甲斐田晴,ROF-MAO,男性,,,,TRUE,https://youtu.be/ujRs5GpOkj0?si=LaVkHvq273Llfjon,,FALSE,,,FALSE,FALSE,,,,TRUE,TRUE,https://rof-mao.lnk.to/crack_upID,FALSE,https://www.youtube.com/live/JZ3sYu1WDC8?si=89wHRZQvg3gRGnkR&t=2045,,,,,,,,,208,25,,5,30,,,,12.5,,,27.5,,,,,,,,5,3,30,20,100,
前進宣言,https://youtu.be/8h7r8HEnZBE?si=ccff4IKu86binoED,2022/01/28,剣持刀也、加賀美ハヤト、不破湊、甲斐田晴,ROF-MAO,男性,,,,TRUE,https://youtu.be/8h7r8HEnZBE?si=ccff4IKu86binoED,,FALSE,,,FALSE,FALSE,,,,TRUE,TRUE,https://rof-mao.lnk.to/crack_upID,TRUE,,,,,,,,,,197,22.5,,20,30,,,,,,2.5,25,,,,,,,,5,2,30,20,100,
I wanna! You wanna!,https://youtu.be/UHIzGsYHic8?si=3zRZjpwM2aRMgytB,2022/04/01,剣持刀也、加賀美ハヤト、不破湊、甲斐田晴,ROF-MAO,男性,,,,TRUE,https://youtu.be/UHIzGsYHic8?si=3zRZjpwM2aRMgytB,,TRUE,,,FALSE,FALSE,,,,TRUE,TRUE,https://rof-mao.lnk.to/crack_upID,FALSE,https://www.youtube.com/live/Ip0bQfyoqgs?si=ED0rW-PTmdgB1Hug&t=7724,,CDL,,https://www.instagram.com/tv/Cga2gbelgmg/?igsh=MWFmMWh1MTI0YWt1Yw==,https://www.instagram.com/tv/CgbdibPFNx_/?igsh=dG9nYzlpaGczd3g=,https://youtu.be/BgMmvry2UE0?si=6eEujbuUvteLX6yW,,,152,,,30,,,25,2.5,7.5,,,17.5,17.5,,,,,,,6,2,30,16.66666667,100,
Let's Get The Party Started!,https://youtu.be/CQSQShagyEY?si=hZmU9Oi6l9ztRR-L,2022/04/13,剣持刀也、加賀美ハヤト、不破湊、甲斐田晴,ROF-MAO,男性,,,,FALSE,,,TRUE,,,FALSE,FALSE,,,,TRUE,TRUE,https://rof-mao.lnk.to/crack_upID,FALSE,,,,,https://www.instagram.com/tv/CgdaYc7lrXV/?igsh=eXRraXVkOXh5Y29x,https://www.instagram.com/tv/CgeBJ5kFM3f/?igsh=OW8wZG5leXdkcmNj,,,,126,,,25,,,20,,,,12.5,10,10,,,,,,22.5,6,1,25,16.66666667,100,
知っている手紙,https://youtu.be/XDwqCbA1cIU?si=DparkH6Ryhf8I_mv,2022/04/13,剣持刀也、加賀美ハヤト、不破湊、甲斐田晴,ROF-MAO,男性,,,,TRUE,https://youtu.be/XDwqCbA1cIU?si=DparkH6Ryhf8I_mv,,FALSE,,,FALSE,FALSE,,,,TRUE,TRUE,https://rof-mao.lnk.to/crack_upID,FALSE,,,,,,,,,,138,,15,,,,15,,20,,,,,,,,30,20,,5,1,30,20,100,
ラックハック,https://youtu.be/p3SL-3518n8?si=Pg7_D1O2VWldabFf,2022/04/13,剣持刀也、加賀美ハヤト、不破湊、甲斐田晴,ROF-MAO,男性,,,,FALSE,,,FALSE,,,FALSE,FALSE,,,,TRUE,TRUE,https://rof-mao.lnk.to/crack_upID,FALSE,https://www.youtube.com/live/qVylRMGabv8?si=mrE7J-ADNPplTvNF&t=2382,,,,,,,,,146,20,,,,,,,7.5,7.5,,30,35,,,,,,,5,2,35,20,100,
透明な心臓が泣いていた,https://youtu.be/mXtmU1Rmel8?si=QINM4nfRAgpJqVd0,2022/05/06,甲斐田晴,,男性,,,,TRUE,https://youtu.be/mXtmU1Rmel8?si=QINM4nfRAgpJqVd0,,FALSE,,,FALSE,FALSE,TRUE,,,FALSE,TRUE,https://linkco.re/qMXZnTAB,FALSE,https://www.youtube.com/live/fetc0Exwa8M?si=uV3i83ei-acK1nrq&t=3428,,3Dお披露目,,,,,,,185,5,,15,,,,,10,30,,,,,10,5,10,15,,8,1,30,12.5,100,
【Cover】DONBURA KONBURA SPEAKERS,https://youtu.be/Wwon9qK-vpQ?si=4yT0wlc1NG9Fxq-l,2022/06/24,長尾景、弦月藤士郎、甲斐田晴,VΔLZ,箱内カバー,原曲：Ranunculus(ラナンキュラス),,,FALSE,https://youtu.be/Wwon9qK-vpQ?si=4yT0wlc1NG9Fxq-l,,FALSE,,,FALSE,FALSE,,,,FALSE,FALSE,,FALSE,,,,,,,,,,,,,,,,,,,,,,,,,,,,,,,,,,
Follow Your Heart,https://youtu.be/_x9yuEiI2Qk?si=Kgq-yNiL3ZLT8b1n,2022/07/01,加賀美ハヤト、甲斐田晴,加賀美ハヤト&甲斐田晴 from ROF-MAO,男性,,,,TRUE,https://youtu.be/_x9yuEiI2Qk?si=Kgq-yNiL3ZLT8b1n,,FALSE,,,FALSE,FALSE,,,,FALSE,TRUE,https://rof-mao.lnk.to/followID,FALSE,,,,,,,,,,135,,,,,,30,30,30,,,,,,,,10,,,4,3,30,25,100,
Shiny Sunny Step,https://youtu.be/r-KERqlFgNc?si=kB7XXaxU3qbD_g8f,2022/08/01,甲斐田晴,,男性,作詞：甲斐田晴,,,TRUE,https://youtu.be/r-KERqlFgNc?si=kB7XXaxU3qbD_g8f,,FALSE,,,TRUE,FALSE,TRUE,,,TRUE,TRUE,https://linkco.re/DBzS2BD0,FALSE,https://www.youtube.com/live/soxEueAbxnA?si=r0vRvGydkvCaX5hc&t=12011,,年越23,,,,,,,234,,,,,,45,20,10,,,,,,,,25,,,4,2,45,25,100,
パパンパ！Blue Summer Days,https://youtu.be/JrAEiCq5y7w?si=I8FTQiBc0gM_Zhhz,2022/08/31,甲斐田晴,,男性,,,,TRUE,https://youtu.be/JrAEiCq5y7w?si=I8FTQiBc0gM_Zhhz,,FALSE,,,FALSE,FALSE,FALSE,,,FALSE,TRUE,https://linkco.re/7yCdFcFy,TRUE,,,,,,,,,,186,25,,35,,,27.5,,10,,,,,,,,,,2.5,5,3,35,20,100,
一撃,https://youtu.be/fc96asHhF8k?si=fZg5rzUCe4WWr5Uh,2022/10/02,剣持刀也、加賀美ハヤト、不破湊、甲斐田晴,ROF-MAO,男性,,,,TRUE,,https://youtu.be/fc96asHhF8k?si=fZg5rzUCe4WWr5Uh,FALSE,,,FALSE,FALSE,,,,TRUE,TRUE,https://rof-mao.lnk.to/overflowID,FALSE,https://www.youtube.com/live/qVylRMGabv8?si=7eP7KhyWh9BOd5aj&t=2140,https://www.youtube.com/live/JZ3sYu1WDC8?si=KxHRpRkMqwfjDQWM&t=2673,,,,,,,,142,,,20,40,,,,,,,40,,,,,,,,3,2,40,33.33333333,100,
ぼくのヒーロー,https://youtu.be/xI5sCTYyl1s?si=hvqmutwuoF7s7dio,2022/10/26,甲斐田晴,,男性,,,,FALSE,,,FALSE,,,FALSE,FALSE,,,,TRUE,TRUE,https://linkco.re/DBzS2BD0,FALSE,,,,,,,,,,77,,25,,,,,,,2.5,,,,5,,30,27.5,10,,6,3,30,16.66666667,100,
cycle,https://youtu.be/7yBiijUd4xM?si=j_Mq_yB_fiVka19f,2022/10/26,甲斐田晴,,男性,,,,FALSE,,,FALSE,,,FALSE,FALSE,,,,TRUE,TRUE,https://linkco.re/DBzS2BD0,FALSE,,,,,,,,,,130,,5,,,,,,,,5,25,15,40,,,,10,,6,2,40,16.66666667,100,
パラレルノー細胞,https://youtu.be/NnCZbTATu30?si=d7kZYLPH07FZUMfF,2022/10/26,甲斐田晴,,男性,,,,FALSE,,,FALSE,,,FALSE,FALSE,,,,TRUE,TRUE,https://linkco.re/DBzS2BD0,TRUE,https://www.youtube.com/live/qdQtHY34W08?si=UgsTSJzGXlg4vYfi&t=1713,,5周年演奏,,,,,,,160,10,,25,15,30,,,,,,20,,,,,,,,5,2,30,20,100,
清風,https://youtu.be/Ly8_v8iKfwo?si=xJN8WW-EsML4svE7,2022/10/26,甲斐田晴,,男性,,,,FALSE,,,FALSE,,,FALSE,FALSE,,,,TRUE,TRUE,https://linkco.re/DBzS2BD0,FALSE,,,,,,,,,,172,5,,,,,10,,35,30,,,,,,,20,,,5,2,35,20,100,
UNSEEN TREASURES,https://youtu.be/18H9NQWKT44?si=ydT4YIPvVjkpvRie,2022/10/26,甲斐田晴,,男性,作詞：甲斐田晴,作曲：甲斐田晴、PHYZ,,TRUE,https://youtu.be/18H9NQWKT44?si=ydT4YIPvVjkpvRie,,FALSE,,,TRUE,FALSE,,,,TRUE,TRUE,https://linkco.re/DBzS2BD0,TRUE,,,,,,,,,,140,,,,,,35,,35,,,,,,,,20,10,,4,2,35,25,100,
前向きフェニックス,https://youtu.be/Ptwg1EUJfdU?si=JYxVgpF1MVVkGWMQ&t=702,2023/02/23,加賀美ハヤト,ROF-MAO,男性,作詞：剣持刀也、不破湊、甲斐田晴,作曲：甲斐田晴,,FALSE,,,FALSE,,,TRUE,FALSE,,,,FALSE,FALSE,,TRUE,,,,https://youtube.com/shorts/X0MJumKh1ZE?si=1RUwq1a5RuMrDH5p,https://youtu.be/Ptwg1EUJfdU?si=JYxVgpF1MVVkGWMQ&t=702,,,,,160,,,20,20,,10,,,,,,,,,,,,20,4,0,20,17.5,70,
何色,https://youtu.be/nZxaIPSY_Ks?si=PrUxj6PEIVD57aj5,2023/04/03,甲斐田晴,,男性,,,,TRUE,https://www.youtube.com/watch?v=nZxaIPSY_Ks,,FALSE,,,FALSE,FALSE,,,,TRUE,TRUE,https://linkco.re/QZH1qXqY,FALSE,,,,,,,,,,130,,10,,,,,,,45,,,,,15,,20,10,,5,1,45,20,100,
ウィーアーポップスター,https://youtu.be/5Yx8dWKiISE?si=DBEl2DBncVI-rDOk,2023/04/21,剣持刀也、加賀美ハヤト、不破湊、甲斐田晴,ROF-MAO,男性,,,,TRUE,https://youtu.be/5Yx8dWKiISE?si=DBEl2DBncVI-rDOk,,FALSE,,,FALSE,FALSE,,,,TRUE,TRUE,https://rof-mao.lnk.to/overflowID,TRUE,https://www.youtube.com/live/qVylRMGabv8?si=wzBXNsxTBrZVGb8g&t=1925,,,,,,,,,194,,,22.5,,,25,25,,,,2.5,,,,,,,25,5,3,25,20,100,
No Reason.,https://youtu.be/TKG9lqZ6fHk?si=OWi2eJ-gJ1ORbPZd,2023/06/09,長尾景、弦月藤士郎、甲斐田晴,VΔLZ,男性,,,,TRUE,https://youtu.be/TKG9lqZ6fHk?si=OWi2eJ-gJ1ORbPZd,https://youtu.be/ZtyDsJG311Y?si=w7BnlyvNbLN9fWOz,FALSE,,,FALSE,FALSE,,,,FALSE,TRUE,https://nex-tone.link/A00118695,FALSE,https://www.youtube.com/live/Rz0O68Ejblw?si=c1IEAKYt8JS-sKI8&t=1877,,,,,,,重厚なバンドアンサンブルが印象的,,101,,,,20,37,,,,,3,25,15,,,,,,,5,2,37,20,100,
SHOOTING DELTA,https://youtu.be/nnP-GeBoj6E?si=IKiTuj_dgdJFMxNe,2023/06/09,長尾景、弦月藤士郎、甲斐田晴,VΔLZ,男性,作詞：弦月藤士郎、甲斐田晴,作曲：弦月藤士郎、甲斐田晴,,TRUE,https://youtu.be/nnP-GeBoj6E?si=IKiTuj_dgdJFMxNe,https://youtu.be/RpOnPXYoFQM?si=MJjiAU7hdYp_94O2,FALSE,,,TRUE,FALSE,,,,FALSE,TRUE,https://nex-tone.link/A00118696,FALSE,https://www.youtube.com/live/BqX-jwptb5k?si=d0xARylBNORtpdXI&t=5957,,,,,,,,,176,,,15,,,30,25,15,,,,,,,,,15,,5,2,30,20,100,
のうぎょうのうた,https://youtu.be/PJAgQgdjZzg?si=Vn3Y984IlAaAitCj&t=947,2023/06/22,剣持刀也、加賀美ハヤト、不破湊、甲斐田晴,ROF-MAO,男性,作詞：甲斐田晴,作曲：甲斐田晴,,FALSE,,,FALSE,,,TRUE,FALSE,,,,TRUE,FALSE,,FALSE,,,,https://www.youtube.com/shorts/-VO0OxkxIdE,https://youtu.be/PJAgQgdjZzg?si=ozRZvRsHnktGA0Zt,https://rof-mao.lnk.to/overflowID,,,,85,,10,,,,,,10,,,,,,10,,10,10,20,6,0,20,11.66666667,70,
Challengers,https://youtu.be/kz5QjbP4uWU?si=e6w3NQIDgdZthTh4,2023/08/09,剣持刀也、加賀美ハヤト、不破湊、甲斐田晴,ROF-MAO,男性,,,,TRUE,https://youtu.be/kz5QjbP4uWU?si=e6w3NQIDgdZthTh4,,FALSE,,,FALSE,FALSE,,,,TRUE,TRUE,https://rof-mao.lnk.to/overflowID,FALSE,,,,,,,,,,100,,,,35,,,,,12.5,,17.5,,,30,,,5,,5,2,35,20,100,
HANABI,https://youtu.be/uplOB-fzsDo?si=RqsolcbLKNBG2sDR,2023/09/13,剣持刀也、加賀美ハヤト、不破湊、甲斐田晴,ROF-MAO,男性,,,,TRUE,https://youtu.be/uplOB-fzsDo?si=RqsolcbLKNBG2sDR,,FALSE,,,FALSE,FALSE,,,,TRUE,TRUE,https://rof-mao.lnk.to/overflowID,FALSE,,,,,https://youtu.be/fVLJariQIGo?si=ZsXEnDVHjjC8YF7w,,,,,146,,,30,,,35,5,30,,,,,,,,,,,4,3,35,25,100,
扉,https://youtu.be/ETkAyyyuqzs,2023/09/25,長尾景、弦月藤士郎、甲斐田晴,VΔLZ,男性,,,,TRUE,https://youtu.be/ETkAyyyuqzs,,FALSE,,,FALSE,FALSE,,,,FALSE,TRUE,https://nex-tone.link/A00122742,FALSE,https://www.youtube.com/live/22GbH8aIKvM?si=uVCMqZElVqYNjXn_&t=2795,,,,,,,未来への期待を歌った疾走感溢れる一曲。,,194,25,,10,,,30,,35,,,,,,,,,,,4,3,35,25,100,
もちもちハリネズミ,https://youtu.be/sVgX2Ih--Cs?si=FC2kxEdPe5RSkPvR&t=733,2023/10/05,剣持刀也,ROF-MAO,男性,作詞：加賀美ハヤト、不破湊、甲斐田晴,作曲：甲斐田晴,,FALSE,,,FALSE,,,TRUE,FALSE,FALSE,,,FALSE,FALSE,,TRUE,,,,https://youtu.be/8NdFQroODKs?si=LchjogzvNET-Zvyz,https://youtu.be/sVgX2Ih--Cs?si=hq8swlB5SmcmlvHu,,,,,184,,,,,,10,40,,,,,,,,,,,20,3,1,40,23.33333333,70,
フルカウント,https://youtu.be/shMxHvDNUxs?si=ewpkH-Xykkgms4Ud,2023/10/06,剣持刀也、加賀美ハヤト、不破湊、甲斐田晴,ROF-MAO,男性,,,,TRUE,https://youtu.be/shMxHvDNUxs?si=ewpkH-Xykkgms4Ud,https://youtu.be/jYvU7-tWQxI?si=4_Sj3TL72PPvFffC,FALSE,,,FALSE,FALSE,,,,TRUE,TRUE,https://rof-mao.lnk.to/overflowID,FALSE,https://www.youtube.com/live/qVylRMGabv8?si=t5NPauCOy7b-h_Ok&t=3130,,,,,,,,,145,7.5,,5,17.5,,,,22.5,,,10,,,22.5,,5,10,,8,0,22.5,12.5,100,
感情BONDING,https://youtu.be/VhGw4U5RgJU?si=yQVaDFN0QKR8K45x,2023/10/18,剣持刀也、加賀美ハヤト、不破湊、甲斐田晴,ROF-MAO,男性,,,,TRUE,,https://youtu.be/VhGw4U5RgJU?si=yQVaDFN0QKR8K45x,FALSE,,,FALSE,FALSE,,,,TRUE,TRUE,https://rof-mao.lnk.to/overflowID,FALSE,,,,,,,,,,130,,,17.5,,,,,,,45,10,27.5,,,,,,,4,2,45,25,100,
"Thank you, Promise!",https://youtu.be/5jPU1t5frxU?si=KtyA3zmjNki5wQOo,2023/10/18,剣持刀也、加賀美ハヤト、不破湊、甲斐田晴,ROF-MAO,男性,,,,FALSE,,,FALSE,,,FALSE,FALSE,,,,TRUE,TRUE,https://rof-mao.lnk.to/overflowID,FALSE,,,,,,,,,,132,,2.5,,,,32.5,10,20,,,,,,,,30,5,,6,2,32.5,16.66666667,100,
Crazy Buddies!,https://youtu.be/0dRfCWoMVMU?si=IhOpXkKQexoDL8r6,2023/10/18,剣持刀也、加賀美ハヤト、不破湊、甲斐田晴,ROF-MAO,男性,,,,FALSE,,,FALSE,,,FALSE,FALSE,,,,TRUE,TRUE,https://rof-mao.lnk.to/overflowID,FALSE,,,,,https://youtu.be/g0P0Tk6p27A?si=ZnpKN23kP7l_pODw,,,,,135,,,25,,,35,,,,,,,,,,15,,25,4,3,35,25,100,
Life is Onceで候,https://youtu.be/WYzabp1bz_A?si=_tpI5UkUfmjv7qb2,2023/10/18,剣持刀也、加賀美ハヤト、不破湊、甲斐田晴,ROF-MAO,男性,,,,FALSE,,,FALSE,,,FALSE,FALSE,,,,TRUE,TRUE,https://rof-mao.lnk.to/overflowID,TRUE,,,,,https://youtu.be/hZFg5F6hphs?si=Fclh4BEsDEcPvpYS,,,,,200,22.5,,25,,,25,,,,,,,,,,,,27.5,4,3,27.5,25,100,
Do or Die,https://youtu.be/CGQv3n7vMb0?si=PFdCRft1msTPLC9V,2023/10/18,剣持刀也、加賀美ハヤト、不破湊、甲斐田晴,ROF-MAO,男性,,,,FALSE,,,FALSE,,,FALSE,FALSE,,,,TRUE,TRUE,https://rof-mao.lnk.to/overflowID,FALSE,,,,,,,,,,242,,,5,,,,,,,45,20,30,,,,,,,4,2,45,25,100,
月が綺麗だ。,https://youtu.be/sdR1ZmDXS8w?si=C1uk-KbDWdrEkZME,2023/10/25,甲斐田晴,,男性,,,,TRUE,https://youtu.be/sdR1ZmDXS8w?si=C1uk-KbDWdrEkZME,,FALSE,,,FALSE,FALSE,,,,TRUE,TRUE,https://nex-tone.link/A00135047,FALSE,https://www.youtube.com/live/Cj6qVVDU3as?si=tnq8OjwrLwlsYpzJ&t=11895,,歌謡祭24D3,,,,,,,170,,,,,,,,20,15,,15,,,,,30,20,,5,1,30,20,100,
終点,https://youtu.be/RYWjdxPgyhw?si=3D-YTvYXl7wZl9fW,2024/02/14,甲斐田晴,,男性,,,,FALSE,,,FALSE,,,FALSE,FALSE,,,,TRUE,TRUE,https://nex-tone.link/A00135047,FALSE,,,,,,,,,,150,,10,,,,,,,,,,10,40,,20,,20,,5,1,40,20,100,
率直,https://youtu.be/KV9aWbia0js?si=TqBngkkMsMY99VlS,2024/02/14,甲斐田晴,,男性,,,,FALSE,,,FALSE,,,FALSE,FALSE,,,,TRUE,TRUE,https://nex-tone.link/A00135047,FALSE,,,,,,,,,,164,,,,,,25,,50,,,,,,,,25,,,3,3,50,33.33333333,100,
一瞬と一生,https://youtu.be/kIs2sBxujss?si=EBap8t5U_RrXhAgS,2024/02/14,甲斐田晴,,男性,,,,FALSE,,,FALSE,,,FALSE,FALSE,,,,TRUE,TRUE,https://nex-tone.link/A00135047,FALSE,,,,,,,,,,200,,,,10,,,,,,,,,25,50,,,15,,4,2,50,25,100,
この場所で,https://youtu.be/trQQv_5enC8?si=EwHx80MRTEomGjOe,2024/02/14,甲斐田晴,,男性,,,,TRUE,https://youtu.be/trQQv_5enC8?si=EwHx80MRTEomGjOe,,FALSE,,,FALSE,FALSE,,,,TRUE,TRUE,https://nex-tone.link/A00135047,FALSE,,,,,,,,,,214,,,,,,45,10,20,,,,,,,,25,,,4,2,45,25,100,
素顔のままでいて,https://youtu.be/7N9CBFIzMhA?si=Xw_iLlkte9yBykBz,2024/02/14,甲斐田晴,,男性,,,,FALSE,,,FALSE,,,FALSE,FALSE,,,,TRUE,TRUE,https://nex-tone.link/A00135047,FALSE,,,,,,,,,,220,,5,,,,,,,,50,,40,,,,5,,,4,2,50,25,100,
黎明の轍,https://youtu.be/IUCePEKB8dE?si=le0n8JBwTYY8m5BB,2024/02/25,長尾景、弦月藤士郎、甲斐田晴,VΔLZ,男性,,,,TRUE,https://youtu.be/IUCePEKB8dE?si=le0n8JBwTYY8m5BB,https://youtu.be/ixl0scGanGU?si=GkWAapVyg1EFlc58,FALSE,,,FALSE,FALSE,,,,TRUE,TRUE,https://nex-tone.link/A00153519,FALSE,https://www.youtube.com/live/rAQAIGKXtnQ?si=dGo5UYLQLgoZZ8bb&t=1602,https://www.youtube.com/live/qdQtHY34W08?si=t-w1ucJRC0VqWSmt&t=282,5周年,,,,,ストーリーコンテンツ『桜魔大戦譚 ～相対するモノたちへ～』のテーマ曲。,,190,,,5,15,,,,,,,25,,25,30,,,,,5,3,30,20,100,
才能が無いから何だ,https://youtu.be/pmnk1EPoMXs?si=VWHuhqsvC5rRxpo9,2024/04/05,甲斐田晴,,男性,,,,TRUE,https://youtu.be/pmnk1EPoMXs?si=VWHuhqsvC5rRxpo9,,FALSE,,,FALSE,FALSE,,,,FALSE,TRUE,https://linkco.re/dUptry6v,TRUE,,,,,,,,,,185,,,,40,,,,,,,,,,10,,10,40,,4,2,40,25,100,
Hands Up,https://youtu.be/AptfgFp8ui0?si=GRgyb61_LrOCSk7N,2024/04/21,剣持刀也、加賀美ハヤト、不破湊、甲斐田晴,ROF-MAO,男性,,,,TRUE,,https://youtu.be/AptfgFp8ui0?si=GRgyb61_LrOCSk7N,FALSE,,,FALSE,FALSE,,,,TRUE,TRUE,https://rof-mao.lnk.to/diveinID,FALSE,,,,,,,,,,174,,,25,5,,30,,25,,,,,,,,,15,,5,3,30,20,100,
青春応歌,https://youtu.be/_QlaA-RG7Lk?si=fHa6ChAFqvwL1oSH,2024/05/24,長尾景、弦月藤士郎、甲斐田晴,VΔLZ,男性,,,,TRUE,https://youtu.be/_QlaA-RG7Lk?si=fHa6ChAFqvwL1oSH,,FALSE,,,FALSE,FALSE,,,,TRUE,TRUE,https://nex-tone.link/A00153519,TRUE,https://www.youtube.com/live/rAQAIGKXtnQ?si=s3Ghe_W60qPEw-SG&t=1808,https://www.youtube.com/live/qdQtHY34W08?si=dp1s0Jt2nY3IlsLv&t=4290,5周年,,,,,応援のメッセージが込められた、ミドルテンポなロックナンバー。,,125,,,30,35,,5,,,,,30,,,,,,,,4,3,35,25,100,
DAY BY DAY,https://youtu.be/JvG08iOUB1A?si=_WKnJDIXIYRhG40C,2024/06/05,長尾景、弦月藤士郎、甲斐田晴,VΔLZ,男性,,,,FALSE,,,FALSE,,,FALSE,FALSE,,,,TRUE,TRUE,https://nex-tone.link/A00153519,FALSE,https://www.youtube.com/live/rAQAIGKXtnQ?si=dQ0qCflaB761d2jZ&t=2777,,,,,,,スイング感がありつつ、シンプルな3声ハモリが映える楽曲。,,95,,10,,,,15,,10,,,,12.5,,,,25,27.5,,6,2,27.5,16.66666667,100,
SOUP,https://youtu.be/v_Bj3oGvfwg?si=pHnNIB_mNM6LTy_e,2024/06/05,長尾景、弦月藤士郎、甲斐田晴,VΔLZ,男性,,,,TRUE,https://youtu.be/v_Bj3oGvfwg?si=pHnNIB_mNM6LTy_e,,FALSE,,,FALSE,FALSE,,,,TRUE,TRUE,https://nex-tone.link/A00153519,FALSE,https://www.youtube.com/live/Rz0O68Ejblw?si=wBxUVlkHy11mQujc&t=2896,,,,,,,繊細に入れ替わり続けるハモリが特徴的な、美しく温かみのある楽曲。,,120,,15,,,,,,,25,,,10,,,5,15,30,,6,2,30,16.66666667,100,
ブリキの魂,https://youtu.be/bnkXJOoYZjA?si=wC8E1WQqu3ZfywIR,2024/06/05,長尾景、弦月藤士郎、甲斐田晴,VΔLZ,男性,作詞：甲斐田晴,作曲：弦月藤士郎,,TRUE,https://youtu.be/bnkXJOoYZjA?si=wC8E1WQqu3ZfywIR,,FALSE,,,TRUE,FALSE,,,,TRUE,TRUE,https://nex-tone.link/A00153519,FALSE,https://www.youtube.com/live/Rz0O68Ejblw?si=T1fwi0tGdnodezD_&t=1649,,,,,,,VΔLZの歩み・転換期について、メンバーが案を出し合いながら制作・歌唱したエモーショナルな一曲。,,178,,,,,,,,,,,10,,25,35,,5,25,,5,3,35,20,100,
Treasure Believer,https://youtu.be/E0g9Oy1QCEg?si=p6Ce9XsM8yz6umvc,2024/06/05,長尾景、弦月藤士郎、甲斐田晴,VΔLZ,男性,,,,FALSE,,,TRUE,,,FALSE,FALSE,,,,TRUE,TRUE,https://nex-tone.link/A00153519,FALSE,https://www.youtube.com/live/rAQAIGKXtnQ?si=alqsM6HXPWwtT0ZN&t=2527,https://www.youtube.com/live/22GbH8aIKvM?si=E3bOET1izULj8G8J&t=3309,,,,,,爽やかなバンドサウンドが特徴的な、前向きで明るい楽曲。,,180,,,,,,37.5,12.5,40,,,,,,,,10,,,4,2,40,25,100,
ムーンウォーカーズ,https://youtu.be/mXqAYfb3ya0?si=R2ecfcSL0p5g-AbE,2024/06/05,長尾景、弦月藤士郎、甲斐田晴,VΔLZ,男性,,,,TRUE,,https://youtu.be/mXqAYfb3ya0?si=R2ecfcSL0p5g-AbE,FALSE,,,FALSE,FALSE,,,,TRUE,TRUE,https://nex-tone.link/A00153519,FALSE,https://www.youtube.com/live/Rz0O68Ejblw?si=YvYm-vWgM5Mzrtb5&t=2054,https://www.youtube.com/live/qdQtHY34W08?si=C82_PF-Tslke4b4d&t=884,5周年,,,,,クールでスマートなロック。,,190,10,,,10,7.5,,,,,5,22.5,20,12.5,,,,12.5,,8,0,22.5,12.5,100,
DiVE !N,https://youtu.be/pla0iR5CG4M?si=m_N-Qrf3NhIVDNrK,2024/07/01,剣持刀也、加賀美ハヤト、不破湊、甲斐田晴,ROF-MAO,男性,,,,TRUE,https://youtu.be/pla0iR5CG4M?si=m_N-Qrf3NhIVDNrK,,FALSE,,,FALSE,FALSE,,,,TRUE,TRUE,https://rof-mao.lnk.to/diveinID,FALSE,https://www.youtube.com/live/Ip0bQfyoqgs?si=S38_7gnUfp7MHCRr&t=7282,,CDL,,,,,,,180,15,,20,,,10,,40,,,5,,,,,10,,,6,1,40,16.66666667,100,
Amazing Moment,https://youtu.be/IsUsPZXHRfk?si=xzxE6147YQJMxUCG,2024/07/11,長尾景、弦月藤士郎、甲斐田晴、天道輝、桜庭薫、柏木翼,VΔLZ＆DRAMATIC STARS,"男性, 外部を含む",,,,FALSE,,,FALSE,,,FALSE,FALSE,,,,FALSE,TRUE,https://lnk.to/LZC-2803,FALSE,,,,,https://youtu.be/IsUsPZXHRfk?si=xzxE6147YQJMxUCG,,,,,130,,,10,,,25,10,30,,,,,,10,,,15,,6,2,30,16.66666667,100,
哲学ニンゲン,https://youtu.be/HCu4mTo6H2I?si=xnFy_VwR5RYR65H3,2024/07/18,不破湊,ROF-MAO,男性,作詞：加賀美ハヤト、剣持刀也、甲斐田晴,作曲：甲斐田晴,編曲：甲斐田晴,TRUE,https://youtu.be/HCu4mTo6H2I?si=xnFy_VwR5RYR65H3,,FALSE,,,TRUE,FALSE,FALSE,,,FALSE,FALSE,,TRUE,,,,,https://youtu.be/gjEKxTLDPPY?si=hvqb8LXa4um91oZy,https://youtu.be/gBpnV14JrQs?si=Xalta-nQuunu4IlG,,「木10!ろふまお塾」オリジナルソング企画第３弾で爆誕した超大作(？) 日々の疑問を歌に乗せて哲学するニンゲンの姿をお楽しみください！（MV概要欄より）,,160,10,,20,20,,,,,,,,,,,,,,20,4,0,20,17.5,70,
Bring it on,https://youtu.be/8xZREULMjVM?si=mcUP2bU2e16uHWyL,2024/07/24,剣持刀也、加賀美ハヤト、不破湊、甲斐田晴,ROF-MAO,男性,,,,TRUE,https://youtu.be/8xZREULMjVM?si=mcUP2bU2e16uHWyL,https://youtu.be/XS6QazG3bUw?si=02IAWtD-mP5pQ4A8,TRUE,,,FALSE,FALSE,,,,TRUE,TRUE,https://rof-mao.lnk.to/diveinID,FALSE,,,,https://www.youtube.com/shorts/b8RoWq19nBo,https://youtu.be/jme8hHOGxTE?si=xto-GUacOs64RHEW,https://youtu.be/ycSLQLDMyTo?si=-z1Mjzygr5BOJtQK,,,,143,,,30,,,10,,,,,40,10,,,,,,10,5,2,40,20,100,
Tell me Your dream,https://youtu.be/lwkWzkq-ZfU?si=Cj0dmjv1mtk2zqze,2024/09/14,甲斐田晴,VΔLZ,男性,作曲：天使電影、甲斐田晴,,,FALSE,,,FALSE,,,TRUE,FALSE,,,,FALSE,TRUE,https://nex-tone.link/A00163946,FALSE,,,,,,,,ソロ楽曲公募企画にて選ばれた爽やかな曲調の1曲。サビのメロディは甲斐田の書き下ろし。,,130,,,,,,30,30,30,,,,,,,,10,,,4,3,30,25,100,
情熱的ボーイ,https://youtu.be/r8FNLB3Gn8E?si=qpDJjsd-_WRonKHu,2024/10/02,剣持刀也、加賀美ハヤト、不破湊、甲斐田晴,ROF-MAO,男性,,,,TRUE,https://youtu.be/r8FNLB3Gn8E?si=qpDJjsd-_WRonKHu,,FALSE,,,FALSE,FALSE,,,,TRUE,TRUE,https://rof-mao.lnk.to/momentum,FALSE,https://www.youtube.com/live/JZ3sYu1WDC8?si=DFDw_rIVVkreDJcE&t=2277,,,,https://youtu.be/X5S8OvbAONM?si=-VEQW0a7Ls7g2HF0,https://youtu.be/ThmEmUyq9PY?si=itj1k363PV46hIII,,,,144,,,30,15,,30,,,,,5,,,,,,,20,5,2,30,20,100,
Beyond the Frame,https://youtu.be/HhFQaZxJ3gk?si=hw86OpFjXpUh0yC8,2024/10/16,長尾景、弦月藤士郎、甲斐田晴,VΔLZ,男性,,,,TRUE,https://youtu.be/HhFQaZxJ3gk?si=hw86OpFjXpUh0yC8,,FALSE,,,FALSE,FALSE,,,,FALSE,TRUE,https://nex-tone.link/A00165279,FALSE,https://www.youtube.com/live/qdQtHY34W08?si=HVje_7sVdg0niAu5&t=65,,5周年,,,,,,,180,10,,25,35,,,,,,,25,,,5,,,,,5,3,35,20,100,
水の記憶,https://youtu.be/foWOfn1Nyjg?si=M3NCucX4cq_hWWlw,2024/10/25,甲斐田晴,,男性,,,,TRUE,https://youtu.be/foWOfn1Nyjg?si=M3NCucX4cq_hWWlw,,FALSE,,,FALSE,FALSE,,,,TRUE,TRUE,https://linkco.re/CS6MN2F7,FALSE,,,,,,,,,,177,,,,,,,,15,30,,,,,5,25,20,5,,6,2,30,16.66666667,100,
Budding!,https://youtu.be/-rSbRXK2sZc?si=OYH-LBI3ZEVp0HW2,2024/11/27,月ノ美兎、伏見ガク、社築、フレン・E・ルスタリオ、甲斐田晴、栞葉るり,,男女混合,,,,TRUE,https://youtu.be/-rSbRXK2sZc?si=OYH-LBI3ZEVp0HW2,,FALSE,,,FALSE,FALSE,,,,TRUE,TRUE,https://linktr.ee/nijisanji_music_he4rtbe4t,FALSE,,,,,,,,四季をコンセプトにした『HE4RT BE4T!』のうちの「春」の楽曲。,春楽曲「Budding!」サウンドディレクター：kz氏より「春って何かが始まる期待感もある一方で、何かが終わった後、そして周りの景色が変わることへの不安もそれなりに大きい季節だなぁと思います。馴染むまで時間がかかることもあるかもしれないけどなんやかんやでそのうち芽吹いて楽しくなってくるものでしょう。そんな曲、「Budding!」、よろしくお願いします。」,155,,,,,,40,10,20,,,,,,,,30,,,4,2,40,25,100,
ガム,https://youtu.be/ImDL9Xg8POE?si=DLfPiXjlYBndIMXi,2025/01/30,剣持刀也、加賀美ハヤト、不破湊、甲斐田晴,ROF-MAO,男性,,,,TRUE,https://youtu.be/ImDL9Xg8POE?si=DLfPiXjlYBndIMXi,,FALSE,,,FALSE,FALSE,,,,TRUE,TRUE,https://rof-mao.lnk.to/momentum,FALSE,https://www.youtube.com/live/JZ3sYu1WDC8?si=ngsgS2HTF4G3YuIH&t=2450,,,,https://youtu.be/_8YV_AiT5Xo?si=yRREx6r4oGhi1Bgx,,,,,122,,10,,,,,,,,10,22.5,22.5,15,,,,10,10,7,0,22.5,14.28571429,100,
Arc goes oN Live ver「OVERTURE」,https://youtu.be/O7wLpNf7k-o?si=ep-JrdONsNUzKPPj,2025/02/24,える、アルス・アルマル、星川サラ、甲斐田晴、ローレン・イロアス、レオス・ヴィンセント、風楽奏斗、ソフィア・ヴァレンタイン,,箱内カバー,原曲：にじさんじ,,,FALSE,,,FALSE,,,FALSE,FALSE,,,,FALSE,TRUE,https://nex-tone.link/A00185620,FALSE,,,,,,,,「にじさんじ7周年」をテーマとした、盛り上がりやエモさを感じられる楽曲のライブ音源。,えにまが,95,5,,30,,,25,,,,,,,,10,,,30,,5,3,30,20,100,
布袋尊,https://youtu.be/vNdZpp7GiuM?si=0mvFlVbAtPQXIvVA,2025/03/13,剣持刀也、加賀美ハヤト、不破湊、甲斐田晴,ROF-MAO,男性,,,,TRUE,https://youtu.be/vNdZpp7GiuM?si=0mvFlVbAtPQXIvVA,https://youtu.be/mMBmtMC5oZk?si=1Ii7kyfivvVpcF2P,FALSE,,,FALSE,FALSE,,,,TRUE,TRUE,https://rof-mao.lnk.to/momentum,FALSE,,,,,https://youtu.be/GROlz6d8iMI?si=t1Ho0R8VQ8M2041S,,,,,147,10,,,,,40,12.5,,,,12.5,,,,,,,25,5,2,40,20,100,
今日みたいに,https://youtu.be/CDRpYkulVHE?si=ZJ5q52lQdQ9yENzF,2025/03/26,剣持刀也、加賀美ハヤト、不破湊、甲斐田晴,ROF-MAO,男性,,,,FALSE,,,FALSE,,,FALSE,FALSE,,,,TRUE,TRUE,https://rof-mao.lnk.to/momentum,FALSE,,,,,https://youtu.be/pXRkAXNaZkg?si=Da7vi0eEVJh1wOa8,,,,,122,,30,,5,,,,5,,,,,,10,5,20,25,,7,2,30,14.28571429,100,
Refresh.exe,https://youtu.be/tVNREc5xTfE?si=7AajDMgslZ0bP8uN,2025/03/26,剣持刀也、加賀美ハヤト、不破湊、甲斐田晴,ROF-MAO,男性,,,,FALSE,,,FALSE,,,FALSE,FALSE,,,,TRUE,TRUE,https://rof-mao.lnk.to/momentum,FALSE,,,,,https://youtu.be/QelvAQDDCOI?si=YpQuJE3zDwusABp6,,,,,135,,25,,,,25,,25,,,,,,,,15,10,,5,3,25,20,100,
AGATTA,https://youtu.be/1i_5ncyNYLg?si=uCRkxdv2Nea7bUE8,2025/03/26,剣持刀也、加賀美ハヤト、不破湊、甲斐田晴,ROF-MAO,男性,,,,TRUE,https://youtu.be/1i_5ncyNYLg?si=uCRkxdv2Nea7bUE8,https://youtu.be/VeKhwFmGZuk?si=05VMss5kf5o2KDwu,FALSE,,,FALSE,FALSE,,,,TRUE,TRUE,https://rof-mao.lnk.to/momentum,FALSE,,,,,https://x.com/ROF_MAO/status/1942162035284049950,https://youtu.be/PQe9hoVv-lc?si=o_A6WIEuk37Qpbxl,,,,150,10,,25,10,,15,,25,,,15,,,,,,,,6,2,25,16.66666667,100,
勝利の歌～最強無敵ナンバーワン～,https://youtu.be/qmaKpkE1aVA?si=KIQSDblK-mtJ9-G2,2025/03/26,剣持刀也、加賀美ハヤト、不破湊、甲斐田晴,ROF-MAO,男性,,,,TRUE,https://youtu.be/qmaKpkE1aVA?si=KIQSDblK-mtJ9-G2,,FALSE,,,FALSE,FALSE,FALSE,,,TRUE,TRUE,https://rof-mao.lnk.to/momentum,FALSE,https://www.youtube.com/live/JZ3sYu1WDC8?si=zDcqcalZJSKJPeUe&t=3454,,,,https://youtu.be/o61ZNhWWA3A?si=-CzILWBsmDLwS4Bn,,,,,152,10,,30,25,,10,,,,,,,,,,,,25,5,3,30,20,100,
浮世の演舞[Re:vision],https://youtu.be/z55LIzKpeWk?si=zvfB-kUt4Sm20GDl,2025/04/02,長尾景、弦月藤士郎、甲斐田晴,VΔLZ,男性,作詞：VΔLZ,作曲：弦月藤士郎,編曲：弦月藤士郎,FALSE,,,FALSE,,,TRUE,FALSE,,,,FALSE,TRUE,https://nex-tone.link/A00181087,FALSE,https://www.youtube.com/live/qdQtHY34W08?si=lTzLyi-sHn1ASwX8&t=2940,,5周年,,,,,VΔLZの初オリジナル楽曲「浮世の演舞」をアレンジ・アップデート。,,128,,,,10,,,,,,,30,25,25,10,,,,,5,3,30,20,100,
始まりの理由を,https://youtu.be/w9IoVoN6UEI?si=hzYYLi9suW2MiBU8,2025/04/04,甲斐田晴,,男性,,,,TRUE,https://youtu.be/w9IoVoN6UEI?si=hzYYLi9suW2MiBU8,,FALSE,,,FALSE,FALSE,,,,TRUE,TRUE,https://linkco.re/CS6MN2F7,FALSE,https://youtu.be/tG6h83PreFk?si=bWsAZ9411maEic_d&t=822,,MAGIC3D,,,,,,,192,,,,35,,,,15,,,10,,,,,5,35,,5,2,35,20,100,
古傷マーモット,https://youtu.be/ZOZBpyC90Kw?si=HuTRxdovQYxt4tmw,2025/04/24,甲斐田晴,ROF-MAO,男性,作詞：加賀美ハヤト、剣持刀也、不破湊、甲斐田晴,作曲：甲斐田晴,,TRUE,https://youtu.be/ZOZBpyC90Kw?si=HuTRxdovQYxt4tmw,,FALSE,,,TRUE,FALSE,FALSE,,,FALSE,FALSE,,FALSE,,,,,https://youtu.be/y8P2TdDPekk?si=SOiAbe6pH-fSb1Rk,,,,,100,,12.5,,,,,,,,,,,,12.5,25,,,20,4,1,25,17.5,70,
魔法について,https://youtu.be/RJ4pxNu2Di8?si=Y38ouoDTMlwk9x8_,2025/06/13,甲斐田晴,,男性,,,,FALSE,,,FALSE,,,FALSE,FALSE,,,,TRUE,TRUE,https://linkco.re/CS6MN2F7,FALSE,,,,,,,,,,72,,20,,,,,,,20,,,,,20,5,15,20,,6,0,20,16.66666667,100,
オブリビオン,https://youtu.be/0nyHpX1_Y88?si=1dDJs4w-LCCKvHzy,2025/06/13,甲斐田晴,,男性,,,,FALSE,,,FALSE,,,FALSE,FALSE,,,,TRUE,TRUE,https://linkco.re/CS6MN2F7,FALSE,,,,,,,,,,80,,20,,,,,,,25,,,,5,5,40,,5,,6,2,40,16.66666667,100,
されど星の輝きを知る,https://youtu.be/qnlGnVBSS6E?si=X9_jTIzonBvjU7NN,2025/06/13,甲斐田晴,,男性,,,,FALSE,,,FALSE,,,FALSE,FALSE,,,,TRUE,TRUE,https://linkco.re/CS6MN2F7,FALSE,https://youtu.be/tG6h83PreFk?si=a-AvzSjXkxX8_zLr&t=650,,MAGIC3D,,,,,,,122,,15,,,,,,10,10,,,,,,25,20,20,,6,1,25,16.66666667,100,
独白,https://youtu.be/V4BeK1gfEKk?si=XeouYvtQUHGFGxAB,2025/06/13,甲斐田晴,,男性,,,,FALSE,,,FALSE,,,FALSE,FALSE,,,,TRUE,TRUE,https://linkco.re/CS6MN2F7,FALSE,https://youtu.be/tG6h83PreFk?si=jUDRlIHGn2ndZ55E&t=197,,MAGIC3D,,,,,,,134,,,,,,,,,,5,35,25,25,,,,10,,5,3,35,20,100,
エンドロールで待ってる,https://youtu.be/56MSCi1vOHQ?si=4kayM4P_8Xfv2xcZ,2025/06/13,甲斐田晴,,男性,,,,FALSE,,,FALSE,,,FALSE,FALSE,,,,TRUE,TRUE,https://linkco.re/CS6MN2F7,FALSE,https://youtu.be/tG6h83PreFk?si=3F-4bPDCdPXsDwMp&t=1,,MAGIC3D,,,,,,,146,,,,,,35,20,30,,,,,,,,15,,,4,2,35,25,100,
雷命,https://youtu.be/HpDWe6BE0cw?si=s8Umo4FTk4GUbSNv,2025/06/13,甲斐田晴,,男性,,,,FALSE,,,FALSE,,,FALSE,FALSE,,,,TRUE,TRUE,https://linkco.re/CS6MN2F7,TRUE,https://www.youtube.com/live/daKnKRRoFTU?si=v6TYsQNgUH3RDHmC&t=3015,,,,,,,,,148,25,,40,30,,,,,,,5,,,,,,,,4,3,40,25,100,
声の旅,https://youtu.be/ES-AjY0a8UY?si=UbE2zJQZmXrkeu15,2025/06/13,甲斐田晴,,男性,,,,TRUE,https://youtu.be/ES-AjY0a8UY?si=UbE2zJQZmXrkeu15,,FALSE,,,FALSE,FALSE,,,,TRUE,TRUE,https://linkco.re/CS6MN2F7,FALSE,https://youtu.be/tG6h83PreFk?si=_V1Ubzvet_x6nVzG&t=1007,,MAGIC3D,,,,,,,174,,,,20,,,,10,5,,,,,40,,15,10,,6,1,40,16.66666667,100,
247LOVE,https://youtu.be/31aG87oU98g?si=kDhvdYPzc_DckkpN,2025/06/13,甲斐田晴,,男性,,,,FALSE,,,FALSE,,,FALSE,FALSE,,,,TRUE,TRUE,https://linkco.re/CS6MN2F7,FALSE,,,,,,,,,,174,,,,,,20,60,20,,,,,,,,,,,3,1,60,33.33333333,100,
ブルーミソロジー,https://youtu.be/luOuECtt1Z0?si=K4Qzx4aXmmqwtDXc,2025/06/13,甲斐田晴,,男性,,,,FALSE,,,FALSE,,,FALSE,FALSE,,,,TRUE,TRUE,https://linkco.re/CS6MN2F7,FALSE,https://youtu.be/tG6h83PreFk?si=jUDRlIHGn2ndZ55E&t=197,,MAGIC3D,,,,,,,194,20,,,30,,,,25,,,20,,,,2.5,,2.5,,6,2,30,16.66666667,100,
トマトは愛を解さない,https://youtu.be/4k4qwBE0k1k?si=6lP2rCyfdmqKKx5I,2025/06/13,甲斐田晴,,男性,,,,FALSE,,,FALSE,,,FALSE,FALSE,,,,TRUE,TRUE,https://linkco.re/CS6MN2F7,FALSE,,,,,,,,,,200,20,,,5,20,,,,,,,,25,,,,,30,5,2,30,20,100,
Winning Game,https://youtu.be/bt7yUVrWtEE?si=aMExNc3uoPrI9Pb0,2025/08/17,甲斐田晴,,男性,作詞：甲斐田晴,作曲：甲斐田晴,編曲：弦月藤士郎、ナツメ ユウキ,TRUE,https://youtu.be/bt7yUVrWtEE?si=aMExNc3uoPrI9Pb0,,FALSE,,,TRUE,FALSE,FALSE,,,FALSE,FALSE,,FALSE,,,,,,,,,,180,,,5,22.5,,12.5,,30,,,,,,,,,20,,5,1,30,18,90,
【Cover】虹色のPuddle,https://youtu.be/DvDVY7nXVco?si=e9ROPfh8QzZXUdv4,2025/08/24,ジョー・力一、甲斐田晴、弦月藤士郎、長尾景、セラフ・ダズルガーデン、風楽奏斗、宇佐美リト、緋八マナ、伊波ライ、ミラン・ケストレル、北見遊征、榊ネス、酒寄颯馬、渚トラウト,,箱内カバー,原曲：にじさんじ,,,FALSE,https://youtu.be/DvDVY7nXVco?si=e9ROPfh8QzZXUdv4,,FALSE,,,FALSE,FALSE,,,,FALSE,FALSE,,FALSE,,,,,,,,,,,,,,,,,,,,,,,,,,,,,,,,,,
モンゴルのうた,https://youtu.be/iT3sFI7gib4?si=RACSfh_yuTByALC_&t=1890,2025/08/28,剣持刀也、加賀美ハヤト、不破湊、甲斐田晴,ROF-MAO,男性,作詞：甲斐田晴,作曲：甲斐田晴,,FALSE,,,FALSE,,,TRUE,FALSE,FALSE,,,FALSE,FALSE,,FALSE,,,,,https://youtu.be/iT3sFI7gib4?si=RACSfh_yuTByALC_&t=1890,https://youtu.be/mIHW9YO1eWY?t=4792&si=hf1vq2A8HGa95LJF,,,,203,,,,,,12.5,,12.5,,,,,,,,7.5,7.5,20,5,0,20,12,60,
Arc goes oN Live ver 「Singin' in the Rainbow！at KOBE」,https://youtu.be/AQSF094jqOA?si=aVG-Ec3ujLlPmQbL,2025/08/30,樋口楓、竜胆尊、レヴィ・エリファ、シェリン・バーガンディ、甲斐田晴、伊波ライ,,箱内カバー,原曲：にじさんじ,,,FALSE,,,FALSE,,,FALSE,FALSE,,,,FALSE,TRUE,https://nex-tone.link/A00201582,FALSE,,,,,,,,「にじさんじ7周年」をテーマとした、盛り上がりやエモさを感じられる楽曲のライブ音源。,えにまが,95,5,,30,,,25,,,,,,,,10,,,30,,5,3,30,20,100,
【Cover】Summer and Peace!,https://youtu.be/RKgCTSHr1xA?si=OowLmj5buZ_Yebfm,2025/08/30,樋口楓、竜胆尊、レヴィ・エリファ、シェリン・バーガンディ、甲斐田晴、伊波ライ,,箱内カバー,原曲：にじさんじ,,,FALSE,https://youtu.be/RKgCTSHr1xA?si=OowLmj5buZ_Yebfm,,FALSE,,,FALSE,FALSE,,,,FALSE,FALSE,,FALSE,,,,,,,,,,,,,,,,,,,,,,,,,,,,,,,,,,
おったまげったん,https://youtu.be/z_PYVPUsDyc?si=wkcEj5VObhMSL4rx,2025/10/01,剣持刀也、加賀美ハヤト、不破湊、甲斐田晴,ROF-MAO,男性,,,,TRUE,https://youtu.be/z_PYVPUsDyc?si=wkcEj5VObhMSL4rx,,FALSE,,,FALSE,FALSE,FALSE,,,FALSE,TRUE,https://rof-mao.lnk.to/ottamaID,TRUE,,,,,,,,,,184,,,,,,35,40,10,,,,,,,,,,15,4,2,40,25,100,
ドリーマーズハイ,https://youtu.be/TD29NOMz3hA?si=rbJwkl0HZ4fApBlw,2025/10/23,剣持刀也、加賀美ハヤト、不破湊、甲斐田晴,ROF-MAO,男性,,,,TRUE,https://youtu.be/TD29NOMz3hA?si=rbJwkl0HZ4fApBlw,,FALSE,,,FALSE,FALSE,FALSE,,,FALSE,TRUE,https://rof-mao.lnk.to/dreamershighID,FALSE,,,,,,,,,,134,,,10,,,30,10,30,,,15,,,,,,,5,6,2,30,16.66666667,100,
晴れと褻,https://youtu.be/CQJDyd1GfCM?si=osPlAOZogB4V2yic,2026/03/27,甲斐田晴,,男性,,,,TRUE,https://youtu.be/CQJDyd1GfCM?si=osPlAOZogB4V2yic,,FALSE,,,FALSE,FALSE,,,,TRUE,TRUE,https://accelnotes.lnk.to/kaidaharu_haretoke,FALSE,,,,,,,,「快晴」をモチーフにした楽曲。,,182,,,,,,20,5,20,10,,,,,7.5,,17.5,20,,7,0,20,14.28571429,100,
むてきのおうさま,https://youtu.be/_XI9MzrcHC4?si=agp7978AKLVS4LJi,2026/04/02,長尾景、弦月藤士郎、甲斐田晴,VΔLZ,男性,作詞：甲斐田晴,作曲：弦月藤士郎,,TRUE,https://youtu.be/_XI9MzrcHC4?si=agp7978AKLVS4LJi,,FALSE,,,TRUE,FALSE,,,,FALSE,TRUE,https://accelnotes.lnk.to/valz_mutekinoosama,FALSE,,,,,https://youtube.com/shorts/zSh4oaAoUQk?si=7HxJYMNlT9NYBmbj,,,,元気 明るい,122,,,,,,37.5,25,5,,,,17.5,,5,,,10,,6,2,37.5,16.66666667,100,
茜色の歌,https://youtu.be/4nkUJdYrxXc?si=I0GtvsZUuB7hgcEE,2026/04/05,甲斐田晴,,男性,,,,FALSE,,,FALSE,,,FALSE,FALSE,,,,FALSE,TRUE,https://linkco.re/tV5TT3ZA,FALSE,,,,,,,,,"立場や環境で役割が増えると、色々な事に腰が重くなってしまう
上手くこなせているのに、何かが引っかかってしまう
子どもの頃はきっとそうじゃなかった
どんなに大人になっても、あなたはあなたで良い
そんな曲です",170,5,5,,10,,,,,30,,,,,,15,10,25,,7,2,30,14.28571429,100,
CRACKS,https://youtu.be/fsKM1jS2O0Q?si=8J9kBNnCmUnksx1N,2026/04/15,甲斐田晴,,男性,,,,FALSE,,,FALSE,,,FALSE,FALSE,,,,TRUE,TRUE,https://linkco.re/PD5gUs1q?lang=ja,FALSE,,,,,,,,「天気雨」をモチーフにした楽曲。,,189,,,,,,,,,,,,,,,,,,,0,0,0,#DIV/0!,0,
STORM,https://youtu.be/fsKM1jS2O0Q?si=8J9kBNnCmUnksx1N,2026/04/15,甲斐田晴,,男性,,,,FALSE,,,FALSE,,,FALSE,FALSE,,,,TRUE,TRUE,https://linkco.re/PD5gUs1q?lang=ja,FALSE,,,,,,,,,,190,,,,,,,,,,,,,,,,,,,0,0,0,#DIV/0!,0,
アイスブレイクブレイカー,https://youtu.be/fsKM1jS2O0Q?si=8J9kBNnCmUnksx1N,2026/04/15,甲斐田晴,,男性,,,,FALSE,,,FALSE,,,FALSE,FALSE,,,,TRUE,TRUE,https://linkco.re/PD5gUs1q?lang=ja,TRUE,,,,,,,,「雹」をモチーフにした楽曲。,,180,,,,,,,,,,,,,,,,,,,0,0,0,#DIV/0!,0,
Rainy Days,https://youtu.be/fsKM1jS2O0Q?si=8J9kBNnCmUnksx1N,2026/04/15,甲斐田晴,,男性,,,,FALSE,,,FALSE,,,FALSE,FALSE,,,,TRUE,TRUE,https://linkco.re/PD5gUs1q?lang=ja,FALSE,,,,,,,,「雨」をモチーフにした楽曲。,,240,,,,,,,,,,,,,,,,,,,0,0,0,#DIV/0!,0,
雪の降る日に,https://youtu.be/fsKM1jS2O0Q?si=8J9kBNnCmUnksx1N,2026/04/15,甲斐田晴,,男性,,,,FALSE,,,FALSE,,,FALSE,FALSE,,,,TRUE,TRUE,https://linkco.re/PD5gUs1q?lang=ja,FALSE,,,,,,,,「雪」をモチーフにした楽曲。,,80,,,,,,,,,,,,,,,,,,,0,0,0,#DIV/0!,0,
シビルアイ,,,星導ショウ,,男性,,,,TRUE,,,FALSE,,,FALSE,FALSE,,,,FALSE,TRUE,,FALSE,,,,,,,,,,,,,,,,,,,,,,,,,,,,,,,,,,
寿司でたまらない,,2026/04/01,夢追翔、星導ショウ、ミラン・ケストレル、渚トラウト,紫男,男性,,,,TRUE,,,FALSE,,,FALSE,FALSE,,,,FALSE,TRUE,,FALSE,,,,,,,,,,,,,,,,,,,,,,,,,,,,,,,,,,
MECHA-MECHA,,,,MECHATU-A,男性,,,,TRUE,,,TRUE,,,FALSE,FALSE,,,,FALSE,TRUE,,FALSE,,,,,,,,,,,,,,,,,,,,,,,,,,,,,,,,,,
Virtual to LIVE,,,,,男女混合,,,,TRUE,,,FALSE,,,FALSE,FALSE,,TRUE,TRUE,,,,,,,,,,,,,,,,,,,,,,,,,,,,,,,,,,,,,,
,,,,,,,,,,,,,,,,,,,,,,,,,,,,,,,,,,,,,,,,,,,,,,,,,,,,,,,,,
,,,,,,,,,,,,,,,,,,,,,,,,,,,,,,,,,,,,,,,,,,,,,,,,,,,,,,,,,
,,,,,,,,,,,,,,,,,,,,,,,,,,,,,,,,,,,,,,,,,,,,,,,,,,,,,,,,,
,,,,,,,,,,,,,,,,,,,,,,,,,,,,,,,,,,,,,,,,,,,,,,,,,,,,,,,,,
,,,,,,,,,,,,,,,,,,,,,,,,,,,,,,,,,,,,,,,,,,,,,,,,,,,,,,,,,
,,,,,,,,,,,,,,,,,,,,,,,,,,,,,,,,,,,,,,,,,,,,,,,,,,,,,,,,,
,,,,,,,,,,,,,,,,,,,,,,,,,,,,,,,,,,,,,,,,,,,,,,,,,,,,,,,,,
,,,,,,,,,,,,,,,,,,,,,,,,,,,,,,,,,,,,,,,,,,,,,,,,,,,,,,,,,
,,,,,,,,,,,,,,,,,,,,,,,,,,,,,,,,,,,,,,,,,,,,,,,,,,,,,,,,,
,,,,,,,,,,,,,,,,,,,,,,,,,,,,,,,,,,,,,,,,,,,,,,,,,,,,,,,,,
,,,,,,,,,,,,,,,,,,,,,,,,,,,,,,,,,,,,,,,,,,,,,,,,,,,,,,,,,
,,,,,,,,,,,,,,,,,,,,,,,,,,,,,,,,,,,,,,,,,,,,,,,,,,,,,,,,,
,,,,,,,,,,,,,,,,,,,,,,,,,,,,,,,,,,,,,,,,,,,,,,,,,,,,,,,,,
,,,,,,,,,,,,,,,,,,,,,,,,,,,,,,,,,,,,,,,,,,,,,,,,,,,,,,,,,
,,,,,,,,,,,,,,,,,,,,,,,,,,,,,,,,,,,,,,,,,,,,,,,,,,,,,,,,,
,,,,,,,,,,,,,,,,,,,,,,,,,,,,,,,,,,,,,,,,,,,,,,,,,,,,,,,,,
,,,,,,,,,,,,,,,,,,,,,,,,,,,,,,,,,,,,,,,,,,,,,,,,,,,,,,,,,
,,,,,,,,,,,,,,,,,,,,,,,,,,,,,,,,,,,,,,,,,,,,,,,,,,,,,,,,,
,,,,,,,,,,,,,,,,,,,,,,,,,,,,,,,,,,,,,,,,,,,,,,,,,,,,,,,,,
,,,,,,,,,,,,,,,,,,,,,,,,,,,,,,,,,,,,,,,,,,,,,,,,,,,,,,,,,
,,,,,,,,,,,,,,,,,,,,,,,,,,,,,,,,,,,,,,,,,,,,,,,,,,,,,,,,,
,,,,,,,,,,,,,,,,,,,,,,,,,,,,,,,,,,,,,,,,,,,,,,,,,,,,,,,,,
,,,,,,,,,,,,,,,,,,,,,,,,,,,,,,,,,3,23,19,34,29,4,43,20,43,15,10,33,18,13,24,12,35,40,20,,,,,0,-5