曲名,再生数,MV再生,サブスク再生,MVリンク,サムネ用リンク,プレイリスト用サムネ,公開日,歌唱,作詞,作曲,編曲,ユニット,MV公開,本人の作詞/作曲,有観客ライブ披露済み,オンラインライブ等で披露済,メモ1,3D映像公開,3Dリンク,3Dリンク2,3Dリンク3,メモ2,独特なコーレス,BPM,Shortsリンク,サブスクリンク,その他リンク,その他2,説明,メモ3,疾走感,しっとり・チル,盛り上がる,熱い・パワフル,ワイルド・攻撃的,明るい・ハッピー,可愛い・ポップな,爽やか,透明感,セクシー・色気がある,クール・かっこいい,オシャレ・スタイリッシュ,シリアス・ダーク,壮大・ドラマチック,切ない・ノスタルジック,温かい・優しい,エモーショナル,クセが強い・ユニーク,個数,25↑,最大値,平均,確認用
浮世の演舞,560,,,https://youtu.be/3mTTZuvhdHI?si=3CYIwPcdi0OKiYuq,https://youtu.be/3mTTZuvhdHI?si=3CYIwPcdi0OKiYuq,,2020/04/04,VΔLZ,VΔLZ,弦月藤士郎,弦月藤士郎,VΔLZ,TRUE,TRUE,TRUE,,一唱入魂、三華仙台,TRUE,https://youtu.be/YhHoxoycFg8?si=kuo6VwjReHaVx3Il,,,,FALSE,128,,,https://www.youtube.com/live/7K0ouzmSCSE?si=HwqeI_kG8hAVbRoP&t=1848,,VΔLZの出身地『桜魔帝国』を表すような和風エレクトロな雰囲気の楽曲。初配信時にリレーお披露目された。,VS,,,,10,,,,,,,30,25,25,10,,,,,5,3,30,20,100
おしてのうた,0,,,,https://x.com/Kaida_Haru/status/1247821744049541122?s=20,,2020/04/08,甲斐田晴,弦月藤士郎,弦月藤士郎,-,VΔLZ,FALSE,FALSE,FALSE,FALSE,,FALSE,,,,,FALSE,140,,,https://x.com/Kaida_Haru/status/1247821744049541122?s=20,,「三人で遊んでる流れで曲ができたので歌ってみました。」,,,,,,,20,30,,,,,,,,,,,10,3,1,30,20,60
【Cover】MANKAI☆開花宣言（弾き語り）,34,,,https://youtu.be/1zm2DD63NvA?si=B9FOTn5-IHKMzrjN,https://youtu.be/1zm2DD63NvA?si=B9FOTn5-IHKMzrjN,,2020/04/11,甲斐田晴,A3ders!,-,-,歌ってみたワンコーラス,FALSE,FALSE,FALSE,,,FALSE,,,,,FALSE,,,,,,,,,10,,,,25,10,17.5,,,,,,,,17.5,,,5,1,25,16,80
【Cover】青いベンチ（弾き語り）,43,,,https://youtu.be/cuHZUlLqLW0?si=KAUkFriTDamonvLi,https://youtu.be/cuHZUlLqLW0?si=KAUkFriTDamonvLi,,2020/05/14,甲斐田晴,サスケ,-,-,歌ってみたワンコーラス,FALSE,FALSE,FALSE,,,FALSE,,,,,FALSE,,,,,,,,,15,,,,,,12.5,10,,,,,,20,5,17.5,,6,0,20,13.33333333,80
完熟ソクラテス,0,,,,https://youtu.be/rKC5ZxDSWL4?si=AuJjGEyDv-stU-mJ,,2020/07/28,甲斐田晴,甲斐田晴 feat.リスナー,甲斐田晴,-,その他,FALSE,TRUE,FALSE,FALSE,,FALSE,,,,,FALSE,84,,,https://www.youtube.com/live/B37r9VsN254?si=pni1g6Gl-1_0tUBH&t=8196,https://x.com/Kaida_Haru/status/1288138170865860608?s=20,,,,5,,,,,,,,,,,,7.5,2.5,,5,15,5,0,15,7,35
夢見る乙女シアター,0,,,,https://www.youtube.com/live/I6pd_rdenDM?si=sBZ2Fc_V3N5tXqA8&t=7936,,2020/08/10,甲斐田晴,甲斐田晴 feat.リスナー,甲斐田晴,-,その他,FALSE,TRUE,FALSE,FALSE,,FALSE,,,,,FALSE,174,,,https://www.youtube.com/live/I6pd_rdenDM?si=sBZ2Fc_V3N5tXqA8&t=7936,https://x.com/Kaida_Haru/status/1292809812653170688?s=20,,,,,7.5,,,2.5,10,,,,,,,,,,,15,4,0,15,8.75,35
【Cover】BaNG!!!,152,,,https://youtu.be/WjMJhygSp9A?si=xLyZbpjRELQuTGMZ,https://youtu.be/WjMJhygSp9A?si=xLyZbpjRELQuTGMZ,,2020/09/29,VΔLZ,BAE,-,-,歌ってみた,FALSE,FALSE,FALSE,,,FALSE,,,,,FALSE,,,,,,,,,,,10,10,,,,,20,15,20,,,,,,5,6,0,20,13.33333333,80
江戸川デニール,0,,,,https://www.youtube.com/live/GqfD-2Lo44A?si=xUMcnsBjUvE_JFNP&t=5168,,2020/10/21,甲斐田晴,甲斐田晴 feat.リスナー,甲斐田晴,-,その他,FALSE,TRUE,FALSE,FALSE,,FALSE,,,,,FALSE,82,,,https://www.youtube.com/live/GqfD-2Lo44A?si=xUMcnsBjUvE_JFNP&t=5168,https://x.com/Kaida_Haru/status/1318911338249269249?s=20,,,,5,,,,,,2,,,,,,,8,,5,15,5,0,15,7,35
【Cover】幽霊東京,683,,,https://youtu.be/Jv7qTx-rsGs?si=AJZUqAh6hEltqLxk,https://youtu.be/Jv7qTx-rsGs?si=AJZUqAh6hEltqLxk,,2020/10/25,甲斐田晴,Ayase,-,-,歌ってみた,FALSE,FALSE,FALSE,,,FALSE,,,,,FALSE,124,,,,,,,,,,,,,,,10,10,5,15,10,,15,,15,,7,0,15,11.42857143,80
【Cover】ソーラン節,0,,,,https://x.com/Kaida_Haru/status/1338345378668634112?s=20,,2020/12/14,甲斐田晴,北海道民謡,-,-,歌ってみたワンコーラス,FALSE,FALSE,FALSE,,,FALSE,,,,,FALSE,,,,https://x.com/Kaida_Haru/status/1338345378668634112?s=20,https://youtube.com/shorts/lvnrkmi4zoc?si=SM92oh4a9lD1Gzin,,,5,,,10,,,,,,,,,,5,,,,15,4,0,15,8.75,35
【Cover】告白ライバル宣言（ピアノアレンジ）,137,,,https://youtu.be/OcPmXr-Eg5s?si=2QUfzf1esuXupJ7B,https://youtu.be/OcPmXr-Eg5s?si=2QUfzf1esuXupJ7B,,2021/01/13,甲斐田晴（演奏：宇都圭輝）,HoneyWorks,-,-,歌ってみた,FALSE,FALSE,FALSE,,,FALSE,,,,,FALSE,,,,,,,,,15,,,,,10,25,5,,,,,,15,,10,,6,1,25,13.33333333,80
【Cover】KING,178,,,https://youtu.be/j_aYrH5Vb3A?si=aJl6CZk_d6tSyMfO,https://youtu.be/j_aYrH5Vb3A?si=aJl6CZk_d6tSyMfO,,2021/01/20,甲斐田晴,Kanaria,-,-,歌ってみた,FALSE,FALSE,FALSE,,,FALSE,,,,,FALSE,,,,,,,,,,,5,10,,,,,15,10,10,30,,,,,,6,1,30,13.33333333,80
【Cover】ニア,1462,,,https://youtu.be/181oJs-iaDE?si=xQEwiVPV1CKBRFZ9,https://youtu.be/181oJs-iaDE?si=xQEwiVPV1CKBRFZ9,,2021/02/07,甲斐田晴,夏代孝明,-,-,歌ってみた,FALSE,FALSE,FALSE,,,FALSE,,,,,FALSE,,,,,,,,,5,,,,5,,5,10,,,,,5,20,10,20,,8,0,20,10,80
【Cover】Ghost of a smile,227,,,https://youtu.be/kHfPwkinu_4?si=hNCJLdH8bEoLajp9,https://youtu.be/kHfPwkinu_4?si=hNCJLdH8bEoLajp9,,2021/03/12,甲斐田晴,EGOIST,-,-,歌ってみた,FALSE,FALSE,FALSE,,,FALSE,,,,,FALSE,,,,,,,,,8,,,,,,,15,,,,15,,20,5,17,,6,0,20,13.33333333,80
【Cover】エンヴィキャットウォーク,278,,,https://youtu.be/6hL-Z3KMRgY?si=U9K1Oj3NktxtILVI,https://youtu.be/6hL-Z3KMRgY?si=U9K1Oj3NktxtILVI,,2021/04/02,甲斐田晴,トーマ,-,-,歌ってみた,FALSE,FALSE,FALSE,,,FALSE,,,,,FALSE,,,,,,,,10,,,,2.5,,,,,27.5,20,20,,,,,,,5,1,27.5,16,80
【Cover】夜に駆ける（検証企画）,460,,,https://youtu.be/aFL4HB4Oqi8?si=lsQSC87AgWxgMbn5,https://youtu.be/aFL4HB4Oqi8?si=lsQSC87AgWxgMbn5,,2021/05/12,町田ちま、三枝明那、フミ、グウェル・オス・ガール、甲斐田晴,YOASOBI,-,-,歌ってみた,FALSE,FALSE,FALSE,,,FALSE,,,,,FALSE,,,,,,,,,,,,,,,,10,,,20,10,,15,,20,5,6,0,20,13.33333333,80
【Cover】ヴァンパイア,331,,,https://youtu.be/NtlIdOn_r0c?si=WYLK5pNNCgJJC9gp,https://youtu.be/NtlIdOn_r0c?si=WYLK5pNNCgJJC9gp,,2021/05/15,甲斐田晴,DECO*27,-,-,歌ってみた,FALSE,FALSE,FALSE,,,FALSE,,,,,FALSE,,,,,,,,,,,,,,,,,,,,,,,,,,0,0,0,#DIV/0!,0
【Cover】砂の惑星,185,,,https://youtu.be/qYWqxTHv3hI?si=PdrZxV9__lOw9ySi,https://youtu.be/qYWqxTHv3hI?si=PdrZxV9__lOw9ySi,,2021/05/23,甲斐田晴,ハチ,-,-,歌ってみた,FALSE,FALSE,FALSE,,,FALSE,,,,,FALSE,,,,,,,,,,,,,,,,,,,,,,,,,,0,0,0,#DIV/0!,0
【Cover】プラネタリウムの真実,114,,,https://youtu.be/-bZk9wmpgnI?si=gkyc1G9UAa-g0gaP,https://youtu.be/-bZk9wmpgnI?si=gkyc1G9UAa-g0gaP,,2021/06/06,甲斐田晴,夏代孝明,-,-,歌ってみた,FALSE,FALSE,FALSE,,,FALSE,,,,,FALSE,,,,,,,,,,,,,,,,,,,,,,,,,,0,0,0,#DIV/0!,0
【Cover】チューリングラブ,373,,,https://youtu.be/U6ksBJXZY74?si=-jjxLvdVtPWs726m,https://youtu.be/U6ksBJXZY74?si=-jjxLvdVtPWs726m,,2021/06/16,甲斐田晴、弦月藤士郎,ナナヲアカリ,-,-,歌ってみた,FALSE,FALSE,TRUE,,一唱入魂,FALSE,,,,,FALSE,,,,,,,,,,,,,,,,,,,,,,,,,,0,0,0,#DIV/0!,0
【Cover】シル・ヴ・プレジデント,,,,https://youtube.com/shorts/-bCXH9MC2C0?si=tk9g45FaAoufJnKO,https://youtube.com/shorts/-bCXH9MC2C0?si=tk9g45FaAoufJnKO,,2021/06/17,甲斐田晴,P丸様。,-,-,歌ってみたShorts,FALSE,FALSE,FALSE,,,FALSE,,,,,FALSE,,,,,,,,,,,,,,,,,,,,,,,,,,0,0,0,#DIV/0!,0
【Cover】踊,,,,https://youtu.be/h20d_-Yj6bM?si=Uo0XBxBcs9K6n-hj,https://youtu.be/h20d_-Yj6bM?si=Uo0XBxBcs9K6n-hj,,2021/06/20,甲斐田晴,Ado,-,-,歌ってみたShorts,FALSE,FALSE,FALSE,,,FALSE,,,,,FALSE,,,,,,,,,,,,,,,,,,,,,,,,,,0,0,0,#DIV/0!,0
【Cover】flos,233,,,https://youtu.be/VaQYNkDGTXc?si=gr7FwWj4vh8E1FRb,https://youtu.be/VaQYNkDGTXc?si=gr7FwWj4vh8E1FRb,,2021/07/09,甲斐田晴,R Sound Design,-,-,歌ってみた,FALSE,FALSE,FALSE,,,FALSE,,,,,FALSE,,,,,,,,,,,,,,,,,,,,,,,,,,0,0,0,#DIV/0!,0
【Cover】チルドレンレコード(Re:boot),88,,,https://youtu.be/jwZWSFlV7L0?si=J7xl3ap89F8e4jJg,https://youtu.be/jwZWSFlV7L0?si=J7xl3ap89F8e4jJg,,2021/08/15,甲斐田晴,じん,-,-,歌ってみた,FALSE,FALSE,FALSE,,,FALSE,,,,,FALSE,,,,,,,,,,,,,,,,,,,,,,,,,,0,0,0,#DIV/0!,0
むじんとうのうた,0,,,,https://youtu.be/2tOFX4gIEXY?si=6C0sZLaEQwbS2rlB&t=996,,2021/10/21,ROF-MAO,甲斐田晴,甲斐田晴,菊谷知樹,ROF-MAO,FALSE,TRUE,FALSE,,,FALSE,,,,,FALSE,112,,,https://youtu.be/2tOFX4gIEXY?si=6C0sZLaEQwbS2rlB,https://rof-mao.lnk.to/crack_upID,,,,20,,,,,,15,,,,,,15,,,,20,4,0,20,17.5,70
【Cover】はなればなれの君へ,164,,,https://youtu.be/ig5N8YGuPn4?si=BhNs47thlsp4N_sk,https://youtu.be/ig5N8YGuPn4?si=BhNs47thlsp4N_sk,,2021/10/25,甲斐田晴,Belle,-,-,歌ってみた,FALSE,FALSE,FALSE,,,FALSE,,,,,FALSE,,,,,,,,,,,,,,,,,,,,,,,,,,0,0,0,#DIV/0!,0
"New street, New world",219,,,https://youtu.be/ujRs5GpOkj0?si=LaVkHvq273Llfjon,https://youtu.be/ujRs5GpOkj0?si=LaVkHvq273Llfjon,,2021/11/19,ROF-MAO,Q-MHz,Q-MHz,Q-MHz、 eba,ROF-MAO,TRUE,FALSE,TRUE,,,TRUE,,https://www.youtube.com/live/JZ3sYu1WDC8?si=89wHRZQvg3gRGnkR&t=2045,,,FALSE,208,,https://rof-mao.lnk.to/crack_upID,,,,,25,,5,30,,,,12.5,,,27.5,,,,,,,,5,3,30,20,100
【Cover】閃光,,,,https://youtube.com/shorts/9Jcmjnje6JM?si=10qZ6YjPHwst7hXS,https://youtube.com/shorts/9Jcmjnje6JM?si=10qZ6YjPHwst7hXS,,2021/11/24,甲斐田晴,[Alexandros],-,-,歌ってみたShorts,FALSE,FALSE,FALSE,,,FALSE,,,,,FALSE,,,,,,,,,,,,,,,,,,,,,,,,,,0,0,0,#DIV/0!,0
【Cover】神っぽいな,237,,,https://youtu.be/S1VbTlYP74A?si=Pt9dV8NWxCpngThk,https://youtu.be/S1VbTlYP74A?si=Pt9dV8NWxCpngThk,,2021/12/23,甲斐田晴,ピノキオピー,-,-,歌ってみたワンコーラス,FALSE,FALSE,FALSE,,,FALSE,,,,,FALSE,,,,,,,,,,,,,,,,,,,,,,,,,,0,0,0,#DIV/0!,0
前進宣言,1123,,,https://youtu.be/8h7r8HEnZBE?si=ccff4IKu86binoED,https://youtu.be/8h7r8HEnZBE?si=ccff4IKu86binoED,,2022/01/28,ROF-MAO,syudou,syudou,syudou,ROF-MAO,TRUE,FALSE,TRUE,,,FALSE,,,,,TRUE,197,,https://rof-mao.lnk.to/crack_upID,,,,,22.5,,20,30,,,,,,2.5,25,,,,,,,,5,2,30,20,100
I wanna! You wanna!,2023,,,https://youtu.be/UHIzGsYHic8?si=3zRZjpwM2aRMgytB,https://youtu.be/UHIzGsYHic8?si=3zRZjpwM2aRMgytB,,2022/04/01,ROF-MAO,首藤義勝,首藤義勝,首藤義勝,ROF-MAO,TRUE,FALSE,TRUE,,,TRUE,,https://www.youtube.com/live/Ip0bQfyoqgs?si=ED0rW-PTmdgB1Hug&t=7724,,CDL,FALSE,152,,https://rof-mao.lnk.to/crack_upID,https://www.instagram.com/tv/Cga2gbelgmg/?igsh=MWFmMWh1MTI0YWt1Yw==,https://www.instagram.com/tv/CgbdibPFNx_/?igsh=dG9nYzlpaGczd3g=,,,,,30,,,25,2.5,7.5,,,17.5,17.5,,,,,,,6,2,30,16.66666667,100
【Cover】六兆年と一夜物語,42,,,https://youtu.be/VtLFKW6wkJI?si=8XSmodCvACb5S2Fh,https://youtu.be/VtLFKW6wkJI?si=8XSmodCvACb5S2Fh,,2022/04/04,甲斐田晴,kemu,-,-,歌ってみたワンコーラス,FALSE,FALSE,FALSE,,,FALSE,,,,,FALSE,,,,,,,,,,,,,,,,,,,,,,,,,,0,0,0,#DIV/0!,0
【Cover】オツキミリサイタル,36,,,https://youtu.be/A-Rb8CZZDnA?si=ZFDfKgbC7OmahoVN,https://youtu.be/A-Rb8CZZDnA?si=ZFDfKgbC7OmahoVN,,2022/04/05,甲斐田晴,じん,-,-,歌ってみたワンコーラス,FALSE,FALSE,FALSE,,,FALSE,,,,,FALSE,,,,,,,,,,,,,,,,,,,,,,,,,,0,0,0,#DIV/0!,0
【Cover】乙女解剖,50,,,https://youtu.be/fA6Tko00RKw?si=DTZVt0whNitX3znQ,https://youtu.be/fA6Tko00RKw?si=DTZVt0whNitX3znQ,,2022/04/06,甲斐田晴,DECO*27,-,-,歌ってみたワンコーラス,FALSE,FALSE,FALSE,,,FALSE,,,,,FALSE,,,,,,,,,,,,,,,,,,,,,,,,,,0,0,0,#DIV/0!,0
【Cover】トリノコシティ,34,,,https://youtu.be/Yqxu_uzXg5k?si=fpPMbuUK8Ov_6tyh,https://youtu.be/Yqxu_uzXg5k?si=fpPMbuUK8Ov_6tyh,,2022/04/07,甲斐田晴,40mP,-,-,歌ってみたワンコーラス,FALSE,FALSE,FALSE,,,FALSE,,,,,FALSE,,,,,,,,,,,,,,,,,,,,,,,,,,0,0,0,#DIV/0!,0
【Cover】太陽系デスコ,51,,,https://youtu.be/VHEqXFM0Pjw?si=-5xMV2na4MYU0teK,https://youtu.be/VHEqXFM0Pjw?si=-5xMV2na4MYU0teK,,2022/04/08,甲斐田晴,ナユタン星人,-,-,歌ってみたワンコーラス,FALSE,FALSE,FALSE,,,FALSE,,,,,FALSE,,,,,,,,,,,,,,,,,,,,,,,,,,0,0,0,#DIV/0!,0
【Cover】Glory Steady Go!,29,,,https://youtu.be/PyZr1Rq34AM?si=6LjZ-u0d09Xs7k3h,https://youtu.be/PyZr1Rq34AM?si=6LjZ-u0d09Xs7k3h,,2022/04/09,甲斐田晴,キノシタ,-,-,歌ってみたワンコーラス,FALSE,FALSE,FALSE,,,FALSE,,,,,FALSE,,,,,,,,10,,10,,,30,30,10,,,,,,,,,,,5,2,30,18,90
【Cover】オートファジー,39,,,https://youtu.be/0wLq9LQbFlM?si=W751mUv1LwmTHcEu,https://youtu.be/0wLq9LQbFlM?si=W751mUv1LwmTHcEu,,2022/04/10,甲斐田晴,柊キライ,-,-,歌ってみたワンコーラス,FALSE,FALSE,FALSE,,,FALSE,,,,,FALSE,,,,,,,,,,,,5,,,,,25,25,,35,,,,,,4,3,35,22.5,90
【Cover】初恋の絵本,30,,,https://youtu.be/LBEM324EF4o?si=5hm3HwwykJNezuWr,https://youtu.be/LBEM324EF4o?si=5hm3HwwykJNezuWr,,2022/04/11,甲斐田晴,HoneyWorks,-,-,歌ってみたワンコーラス,FALSE,FALSE,FALSE,,,FALSE,,,,,FALSE,,,,,,,,,,,,,,20,25,,,,,,,25,,20,,4,2,25,22.5,90
【Cover】グッバイ宣言,37,,,https://youtu.be/hGa2nYDcx3E?si=INuxZY6HiFJUpxHE,https://youtu.be/hGa2nYDcx3E?si=INuxZY6HiFJUpxHE,,2022/04/12,甲斐田晴,Chinozo,-,-,歌ってみたワンコーラス,FALSE,FALSE,FALSE,,,FALSE,,,,,FALSE,,,,,,,,,,,,,,,,,,,,,,,,,,0,0,0,#DIV/0!,0
Let's Get The Party Started!,187,,,,https://youtu.be/CQSQShagyEY?si=hZmU9Oi6l9ztRR-L,,2022/04/13,ROF-MAO,前山田健一,前山田健一,渡辺泰司,ROF-MAO,FALSE,FALSE,TRUE,,,FALSE,,,,,FALSE,126,,https://rof-mao.lnk.to/crack_upID,https://www.instagram.com/tv/CgdaYc7lrXV/?igsh=eXRraXVkOXh5Y29x,https://www.instagram.com/tv/CgeBJ5kFM3f/?igsh=OW8wZG5leXdkcmNj,,,,,25,,,20,,,,12.5,10,10,,,,,,22.5,6,1,25,16.66666667,100
知っている手紙,118,,,https://youtu.be/XDwqCbA1cIU?si=DparkH6Ryhf8I_mv,https://youtu.be/XDwqCbA1cIU?si=DparkH6Ryhf8I_mv,,2022/04/13,ROF-MAO,広川恵一（MONACA）,広川恵一（MONACA）,広川恵一（MONACA）,ROF-MAO,TRUE,FALSE,TRUE,,,FALSE,,,,,FALSE,138,,https://rof-mao.lnk.to/crack_upID,,,,,,15,,,,15,,20,,,,,,,,30,20,,5,1,30,20,100
ラックハック,233,,,,https://youtu.be/p3SL-3518n8?si=Pg7_D1O2VWldabFf,,2022/04/13,ROF-MAO,ノイ,ノイ,ノイ,ROF-MAO,FALSE,FALSE,TRUE,,,TRUE,,https://www.youtube.com/live/qVylRMGabv8?si=mrE7J-ADNPplTvNF&t=2382,,,FALSE,146,,https://rof-mao.lnk.to/crack_upID,,,,,20,,,,,,,7.5,7.5,,30,35,,,,,,,5,2,35,20,100
【Cover】シネマ,52,,,https://youtu.be/h870uVJEYrc?si=puxuowmMj8jvsMwv,https://youtu.be/h870uVJEYrc?si=puxuowmMj8jvsMwv,,2022/04/13,甲斐田晴,Ayase,-,-,歌ってみたワンコーラス,FALSE,FALSE,FALSE,,,FALSE,,,,,FALSE,,,,,,,,,,,,,,,,,,,,,,,,,,0,0,0,#DIV/0!,0
【Cover】シャルル,49,,,https://youtu.be/ZG1QKqFhhZU?si=1cCxKIzMqy5zdxqd,https://youtu.be/ZG1QKqFhhZU?si=1cCxKIzMqy5zdxqd,,2022/04/14,甲斐田晴,バルーン,-,-,歌ってみたワンコーラス,FALSE,FALSE,FALSE,,,FALSE,,,,,FALSE,,,,,,,,,,,,,,,,,,,,,,,,,,0,0,0,#DIV/0!,0
【Cover】からくりピエロ,39,,,https://youtu.be/i3a0GJK7gzs?si=DpQG3-16t7-uzZYG,https://youtu.be/i3a0GJK7gzs?si=DpQG3-16t7-uzZYG,,2022/04/15,甲斐田晴,40mP,-,-,歌ってみたワンコーラス,FALSE,FALSE,FALSE,,,FALSE,,,,,FALSE,,,,,,,,,,,,,,,,,,,,,,,,,,0,0,0,#DIV/0!,0
【Cover】夜もすがら君想ふ,50,,,https://youtu.be/bdxaob6w21E?si=JsCSijnC4NjouMFY,https://youtu.be/bdxaob6w21E?si=JsCSijnC4NjouMFY,,2022/04/16,甲斐田晴,TOKOTOKO（西沢さんP）,-,-,歌ってみたワンコーラス,FALSE,FALSE,FALSE,,,FALSE,,,,,FALSE,,,,,,,,,,,,,,,,,,,,,,,,,,0,0,0,#DIV/0!,0
【Cover】シル・ヴ・プレジデント,32,,,https://youtu.be/1x5VEkqfxlQ?si=JP7hN17Xw8n1GYsL,https://youtu.be/1x5VEkqfxlQ?si=JP7hN17Xw8n1GYsL,,2022/04/17,甲斐田晴,P丸様。,-,-,歌ってみたワンコーラス,FALSE,FALSE,FALSE,,,FALSE,,,,,FALSE,,,,,,,,,,,,,,,,,,,,,,,,,,0,0,0,#DIV/0!,0
【Cover】命に嫌われている。,35,,,https://youtu.be/rQuELdVN-3Y?si=yrXtnLGjyhjM1xCg,https://youtu.be/rQuELdVN-3Y?si=yrXtnLGjyhjM1xCg,,2022/04/18,甲斐田晴,カンザキイオリ,-,-,歌ってみたワンコーラス,FALSE,FALSE,FALSE,,,FALSE,,,,,FALSE,,,,,,,,,,,,,,,,,,,,,,,,,,0,0,0,#DIV/0!,0
【Cover】ヴィラン,33,,,https://youtu.be/LrlqFxrNPeo?si=cIMqTuC2jfkbh1I-,https://youtu.be/LrlqFxrNPeo?si=cIMqTuC2jfkbh1I-,,2022/04/19,甲斐田晴,てにをは,-,-,歌ってみたワンコーラス,FALSE,FALSE,FALSE,,,FALSE,,,,,FALSE,,,,,,,,,,,,,,,,,,,,,,,,,,0,0,0,#DIV/0!,0
【Cover】フォニイ,48,,,https://youtu.be/yAMQH1sOgYI?si=9KkjhgdYCa_uqNvT,https://youtu.be/yAMQH1sOgYI?si=9KkjhgdYCa_uqNvT,,2022/04/20,甲斐田晴,ツミキ,-,-,歌ってみたワンコーラス,FALSE,FALSE,FALSE,,,FALSE,,,,,FALSE,,,,,,,,,,,,,,,,,,,,,,,,,,0,0,0,#DIV/0!,0
【Cover】小悪魔だってかまわない！,43,,,https://youtu.be/ubPNomFw9Q4?si=2yrxWMhf9ZZvB3KP,https://youtu.be/ubPNomFw9Q4?si=2yrxWMhf9ZZvB3KP,,2022/04/21,甲斐田晴,めいちゃん・HoneyWorks,-,-,歌ってみたワンコーラス,FALSE,FALSE,FALSE,,,FALSE,,,,,FALSE,,,,,,,,,,,,,,,,,,,,,,,,,,0,0,0,#DIV/0!,0
【Cover】ベノム,34,,,https://youtu.be/_2VJlQULyrk?si=DQ-uCP3ftj1ZfVJx,https://youtu.be/_2VJlQULyrk?si=DQ-uCP3ftj1ZfVJx,,2022/04/22,甲斐田晴,かいりきベア,-,-,歌ってみたワンコーラス,FALSE,FALSE,FALSE,,,FALSE,,,,,FALSE,,,,,,,,5,,,,,,35,10,,,,10,15,,,,,5,6,1,35,13.33333333,80
【Cover】二息歩行(Reloaded),23,,,https://youtu.be/JsUvXR45y_I?si=RIo9LPQDmpc01LDQ,https://youtu.be/JsUvXR45y_I?si=RIo9LPQDmpc01LDQ,,2022/04/23,甲斐田晴,DECO*27,-,-,歌ってみたワンコーラス,FALSE,FALSE,FALSE,,,FALSE,,,,,FALSE,,,,,,,,,,,,,,,,,,,,,,,,,,0,0,0,#DIV/0!,0
【Cover】夜咄ディセイブ,31,,,https://youtu.be/FeYmpzNszB4?si=UsiWB39ZO5VmydJD,https://youtu.be/FeYmpzNszB4?si=UsiWB39ZO5VmydJD,,2022/04/24,甲斐田晴,じん,-,-,歌ってみたワンコーラス,FALSE,FALSE,FALSE,,,FALSE,,,,,FALSE,,,,,,,,,,,,,,,,,,,,,,,,,,0,0,0,#DIV/0!,0
【Cover】キミノヨゾラ哨戒班,36,,,https://youtu.be/7L70bZ2pmYo?si=sz75iU4nRNLv9GAu,https://youtu.be/7L70bZ2pmYo?si=sz75iU4nRNLv9GAu,,2022/04/25,甲斐田晴,Orangestar,-,-,歌ってみたワンコーラス,FALSE,FALSE,FALSE,,,FALSE,,,,,FALSE,,,,,,,,,,,,,,,,,,,,,,,,,,0,0,0,#DIV/0!,0
【Cover】少女レイ,55,,,https://youtu.be/P9lyzlKb3PI?si=JsS2c8aLWOFMM4Kp,https://youtu.be/P9lyzlKb3PI?si=JsS2c8aLWOFMM4Kp,,2022/04/26,甲斐田晴,みきとP,-,-,歌ってみたワンコーラス,FALSE,FALSE,FALSE,,,FALSE,,,,,FALSE,,,,,,,,,,,,,,,,,,,,,,,,,,0,0,0,#DIV/0!,0
【Cover】ハロ／ハワユ,60,,,https://youtu.be/qArY1qi76dU?si=90_X87Akb9Q-ynih,https://youtu.be/qArY1qi76dU?si=90_X87Akb9Q-ynih,,2022/04/27,甲斐田晴,ナノウ,-,-,歌ってみたワンコーラス,FALSE,FALSE,FALSE,,,FALSE,,,,,FALSE,,,,,,,,,,,,,,,,,,,,,,,,,,0,0,0,#DIV/0!,0
【Cover】EYE,39,,,https://youtu.be/OGtofLNptE0?si=-3XUoecgVuiUkM2B,https://youtu.be/OGtofLNptE0?si=-3XUoecgVuiUkM2B,,2022/04/28,甲斐田晴,Kanaria,-,-,歌ってみたワンコーラス,FALSE,FALSE,FALSE,,,FALSE,,,,,FALSE,,,,,,,,,,,,,,,,,,,,,,,,,,0,0,0,#DIV/0!,0
【Cover】フロムトーキョー,36,,,https://youtu.be/lYF0YBYiWJc?si=ZFTK6J_LeVE6_CFl,https://youtu.be/lYF0YBYiWJc?si=ZFTK6J_LeVE6_CFl,,2022/04/29,甲斐田晴,夏代孝明,-,-,歌ってみたワンコーラス,FALSE,FALSE,FALSE,,,FALSE,,,,,FALSE,,,,,,,,,,,,,,,,,,,,,,,,,,0,0,0,#DIV/0!,0
【Cover】セカイはまだ始まってすらいない,38,,,https://youtu.be/y-dssU0krZQ?si=ZbYKO6rwUeDb1fUW,https://youtu.be/y-dssU0krZQ?si=ZbYKO6rwUeDb1fUW,,2022/04/30,甲斐田晴,ピノキオピー,-,-,歌ってみたワンコーラス,FALSE,FALSE,FALSE,,,FALSE,,,,,FALSE,,,,,,,,,,,,,,,,,,,,,,,,,,0,0,0,#DIV/0!,0
透明な心臓が泣いていた,576,,,https://youtu.be/mXtmU1Rmel8?si=QINM4nfRAgpJqVd0,https://youtu.be/mXtmU1Rmel8?si=QINM4nfRAgpJqVd0,,2022/05/06,甲斐田晴,堀江晶太,堀江晶太,堀江晶太,個人(ソロ),TRUE,FALSE,TRUE,TRUE,一唱入魂,TRUE,,https://www.youtube.com/live/fetc0Exwa8M?si=uV3i83ei-acK1nrq&t=3428,,3Dお披露目,FALSE,185,,https://linkco.re/qMXZnTAB,,,,,5,,15,,,,,10,30,,,,,10,5,10,15,,8,1,30,12.5,100
【Cover】敗北の少年,,,,,https://youtu.be/LG5Sokglvvg?si=AjC66omXAE2lVSkL,,2022/06/18,三枝明那、甲斐田晴,kemu,-,-,歌ってみた,FALSE,FALSE,FALSE,,,TRUE,https://youtu.be/LG5Sokglvvg?si=AjC66omXAE2lVSkL,,,,FALSE,,,,,,,,,,,,,,,,,,,,,,,,,,0,0,0,#DIV/0!,0
【Cover】DONBURA KONBURA SPEAKERS,484,,,https://youtu.be/Wwon9qK-vpQ?si=4yT0wlc1NG9Fxq-l,https://youtu.be/Wwon9qK-vpQ?si=4yT0wlc1NG9Fxq-l,,2022/06/24,VΔLZ,Ranunculus(ラナンキュラス),-,-,歌ってみた,FALSE,FALSE,FALSE,,,FALSE,,,,,FALSE,,,,,,,,,,,,,,,,,,,,,,,,,,0,0,0,#DIV/0!,0
Follow Your Heart,192,,,https://youtu.be/_x9yuEiI2Qk?si=Kgq-yNiL3ZLT8b1n,https://youtu.be/_x9yuEiI2Qk?si=Kgq-yNiL3ZLT8b1n,,2022/07/01,加賀美ハヤト&甲斐田晴 from ROF-MAO,ヨシダタクミ（saji）,ヨシダタクミ（saji）,河合英嗣,ROF-MAO,TRUE,FALSE,TRUE,,,FALSE,,,,,FALSE,135,,https://rof-mao.lnk.to/followID,,,,,,,,,,30,30,30,,,,,,,,10,,,4,3,30,25,100
【Cover】きみはマザーファッカー,,,,https://youtu.be/ivWPG8F5XfE?si=qwzayP5Ux8iLCDYj,https://youtu.be/ivWPG8F5XfE?si=qwzayP5Ux8iLCDYj,,2022/07/21,ROF-MAO,ザ・リーサルウェポンズ,-,-,歌ってみた,FALSE,FALSE,TRUE,,,FALSE,,,,,FALSE,,,,,,,,,,,,,,,,,,,,,,,,,,0,0,0,#DIV/0!,0
Shiny Sunny Step,,,,https://youtu.be/r-KERqlFgNc?si=kB7XXaxU3qbD_g8f,https://youtu.be/r-KERqlFgNc?si=kB7XXaxU3qbD_g8f,,2022/08/01,甲斐田晴,甲斐田晴,岡村大輔(OD),岡村大輔(OD),個人(ソロ),TRUE,TRUE,FALSE,TRUE,,TRUE,,https://www.youtube.com/live/soxEueAbxnA?si=r0vRvGydkvCaX5hc&t=12011,,年越23,FALSE,234,,https://linkco.re/DBzS2BD0,,,,,,,,,,45,20,10,,,,,,,,25,,,4,2,45,25,100
【Cover】神或アルゴリズム,102,,,https://youtu.be/WnI3i3sJ1es?si=WB7PN1aarb66PhkN,https://youtu.be/WnI3i3sJ1es?si=WB7PN1aarb66PhkN,,2022/08/14,葉加瀬冬雪、甲斐田晴,オーイシマサヨシ feat.りりあ。,-,-,歌ってみた,FALSE,FALSE,FALSE,,,FALSE,,,,,FALSE,,,,,,,,,,,,,,,,,,,,,,,,,,0,0,0,#DIV/0!,0
パパンパ！Blue Summer Days,50,,,https://youtu.be/JrAEiCq5y7w?si=I8FTQiBc0gM_Zhhz,https://youtu.be/JrAEiCq5y7w?si=I8FTQiBc0gM_Zhhz,,2022/08/31,甲斐田晴,Q-MHz,Q-MHz,Q-MHz,個人(ソロ),TRUE,FALSE,FALSE,FALSE,,FALSE,,,,,TRUE,186,,https://linkco.re/7yCdFcFy,,,,,25,,40,,,30,,2.5,,,,,,,,,,2.5,5,3,40,20,100
一撃,631,,,,https://youtu.be/fc96asHhF8k?si=fZg5rzUCe4WWr5Uh,,2022/10/02,ROF-MAO,宮崎誠,宮崎誠,宮崎誠,ROF-MAO,FALSE,FALSE,TRUE,,フェス22,TRUE,https://youtu.be/fc96asHhF8k?si=fZg5rzUCe4WWr5Uh,https://www.youtube.com/live/qVylRMGabv8?si=7eP7KhyWh9BOd5aj&t=2140,https://www.youtube.com/live/JZ3sYu1WDC8?si=KxHRpRkMqwfjDQWM&t=2673,,FALSE,142,,https://rof-mao.lnk.to/overflowID,,,,,,,20,40,,,,,,,40,,,,,,,,3,2,40,33.33333333,100
ぼくのヒーロー,23,,,,https://youtu.be/xI5sCTYyl1s?si=hvqmutwuoF7s7dio,,2022/10/26,甲斐田晴,優莉,優莉,PHYZ,個人(ソロ),FALSE,FALSE,FALSE,,,FALSE,,,,,FALSE,77,,https://linkco.re/DBzS2BD0,,,,,,25,,,,,,,2.5,,,,5,,30,27.5,10,,6,3,30,16.66666667,100
cycle,34,,,,https://youtu.be/7yBiijUd4xM?si=j_Mq_yB_fiVka19f,,2022/10/26,甲斐田晴,Sekimen,Sekimen,岡村 大輔,個人(ソロ),FALSE,FALSE,FALSE,,,FALSE,,,,,FALSE,130,,https://linkco.re/DBzS2BD0,,,,,,5,,,,,,,,5,25,15,40,,,,10,,6,2,40,16.66666667,100
パラレルノー細胞,42,,,,https://youtu.be/NnCZbTATu30?si=d7kZYLPH07FZUMfF,,2022/10/26,甲斐田晴,優莉,優莉,PHYZ,個人(ソロ),FALSE,FALSE,TRUE,,一唱入魂,TRUE,,https://www.youtube.com/live/qdQtHY34W08?si=UgsTSJzGXlg4vYfi&t=1713,,5周年演奏,TRUE,160,,https://linkco.re/DBzS2BD0,,,,,10,,25,15,30,,,,,,20,,,,,,,,5,2,30,20,100
清風,33,,,,https://youtu.be/Ly8_v8iKfwo?si=xJN8WW-EsML4svE7,,2022/10/26,甲斐田晴,超ファラオ,飯島 貴政,岡村 大輔,個人(ソロ),FALSE,FALSE,FALSE,,,FALSE,,,,,FALSE,172,,https://linkco.re/DBzS2BD0,,,,,5,,,,,10,,35,30,,,,,,,20,,,5,2,35,20,100
UNSEEN TREASURES,57,,,https://youtu.be/18H9NQWKT44?si=ydT4YIPvVjkpvRie,https://youtu.be/18H9NQWKT44?si=ydT4YIPvVjkpvRie,,2022/10/26,甲斐田晴,甲斐田晴,甲斐田晴、PHYZ,PHYZ、岡村 大輔,個人(ソロ),TRUE,TRUE,FALSE,,,FALSE,,,,,TRUE,140,,https://linkco.re/DBzS2BD0,,,,,,,,,,35,,35,,,,,,,,20,10,,4,2,35,25,100
寝すぎてヤバスンギ,0,,,,https://x.com/Kaida_Haru/status/1599356579538948096?s=20,,2022/12/04,甲斐田晴,甲斐田晴,甲斐田晴,-,その他,FALSE,TRUE,FALSE,FALSE,,FALSE,,,,,FALSE,194,,,https://x.com/Kaida_Haru/status/1599356579538948096?s=20,,,,2,,2,,,16,,,,,,,,,,,,15,4,0,16,8.75,35
前向きフェニックス,0,,,,https://youtu.be/Ptwg1EUJfdU?si=JYxVgpF1MVVkGWMQ&t=702,,2023/02/23,加賀美ハヤト,剣持刀也、不破湊、甲斐田晴,甲斐田晴,-,ROF-MAO,TRUE,TRUE,TRUE,,,FALSE,,,,,TRUE,160,https://youtube.com/shorts/X0MJumKh1ZE?si=1RUwq1a5RuMrDH5p,,https://youtu.be/Ptwg1EUJfdU?si=JYxVgpF1MVVkGWMQ&t=702,,,,,,20,20,,10,,,,,,,,,,,,20,4,0,20,17.5,70
何色,131,,,https://www.youtube.com/watch?v=nZxaIPSY_Ks,https://youtu.be/nZxaIPSY_Ks?si=PrUxj6PEIVD57aj5,,2023/04/03,甲斐田晴,堀江晶太,堀江晶太,堀江晶太,個人(ソロ),TRUE,FALSE,TRUE,,三華仙台,FALSE,,,,,FALSE,130,,https://linkco.re/QZH1qXqY,,,,,,10,,,,,,,45,,,,,15,,20,10,,5,1,45,20,100
ウィーアーポップスター,364,,,https://youtu.be/5Yx8dWKiISE?si=DBEl2DBncVI-rDOk,https://youtu.be/5Yx8dWKiISE?si=DBEl2DBncVI-rDOk,,2023/04/21,ROF-MAO,アイキッド,アイキッド,齋藤真也,ROF-MAO,TRUE,FALSE,TRUE,,,TRUE,,https://www.youtube.com/live/qVylRMGabv8?si=wzBXNsxTBrZVGb8g&t=1925,,,TRUE,194,,https://rof-mao.lnk.to/overflowID,,,,,,,22.5,,,25,25,,,,2.5,,,,,,,25,5,3,25,20,100
No Reason.,151,,,https://youtu.be/TKG9lqZ6fHk?si=OWi2eJ-gJ1ORbPZd,https://youtu.be/TKG9lqZ6fHk?si=OWi2eJ-gJ1ORbPZd,,2023/06/09,VΔLZ,Sekimen(PHYZ),Sekimen(PHYZ),白神真志朗,VΔLZ,TRUE,FALSE,TRUE,,一唱入魂、三華横浜仙台,TRUE,https://youtu.be/ZtyDsJG311Y?si=w7BnlyvNbLN9fWOz,https://www.youtube.com/live/Rz0O68Ejblw?si=c1IEAKYt8JS-sKI8&t=1877,,,FALSE,101,,https://nex-tone.link/A00118695,,,重厚なバンドアンサンブルが印象的,,,,,20,37,,,,,3,25,15,,,,,,,5,2,37,20,100
SHOOTING DELTA,90,,,https://youtu.be/nnP-GeBoj6E?si=IKiTuj_dgdJFMxNe,https://youtu.be/nnP-GeBoj6E?si=IKiTuj_dgdJFMxNe,,2023/06/09,VΔLZ,弦月藤士郎、甲斐田晴,弦月藤士郎、甲斐田晴,岡村大輔/OD(PHYZ),VΔLZ,TRUE,TRUE,TRUE,,一唱入魂、前夜祭、三華仙台,TRUE,https://youtu.be/RpOnPXYoFQM?si=MJjiAU7hdYp_94O2,https://www.youtube.com/live/BqX-jwptb5k?si=d0xARylBNORtpdXI&t=5957,,,FALSE,176,,https://nex-tone.link/A00118696,,,,,,,15,,,30,25,15,,,,,,,,,15,,5,2,30,20,100
のうぎょうのうた,0,,,,https://youtu.be/PJAgQgdjZzg?si=Vn3Y984IlAaAitCj&t=947,,2023/06/22,ROF-MAO,甲斐田晴,甲斐田晴,-,ROF-MAO,FALSE,TRUE,FALSE,,,FALSE,,,,,FALSE,148,https://www.youtube.com/shorts/-VO0OxkxIdE,,https://youtu.be/PJAgQgdjZzg?si=ozRZvRsHnktGA0Zt,https://rof-mao.lnk.to/overflowID,,,,,,,,,,20,,,,,,10,,20,,20,4,0,20,17.5,70
Challengers,309,,,https://youtu.be/kz5QjbP4uWU?si=e6w3NQIDgdZthTh4,https://youtu.be/kz5QjbP4uWU?si=e6w3NQIDgdZthTh4,,2023/08/09,ROF-MAO,Hayato Yamamoto,MEG、 Hayato Yamamoto,MEG,ROF-MAO,TRUE,FALSE,TRUE,,,FALSE,,,,,FALSE,100,,https://rof-mao.lnk.to/overflowID,,,,,,,,35,,,,,12.5,,17.5,,,30,,,5,,5,2,35,20,100
【Cover】レイメイ,138,,,https://youtu.be/DZQVkn--8p8?si=xHCpb363tEVfxv2G,https://youtu.be/DZQVkn--8p8?si=xHCpb363tEVfxv2G,,2023/08/25,甲斐田晴、海妹四葉,酸欠少女さユり×MY FIRST STORY,-,-,歌ってみた,FALSE,FALSE,FALSE,,,FALSE,,,,,FALSE,,,,,,,,,,,,,,,,,,,,,,,,,,0,0,0,#DIV/0!,0
【Cover】青と夏,214,,,https://youtu.be/Y-6QqF8lJNU?si=KDMddD7XOkIbrVFK,https://youtu.be/Y-6QqF8lJNU?si=KDMddD7XOkIbrVFK,,2023/08/30,VΔLZ,Mrs. GREEN APPLE,-,-,歌ってみた,FALSE,FALSE,FALSE,,,FALSE,,,,,FALSE,,,,,,,,,,,,,,,,,,,,,,,,,,0,0,0,#DIV/0!,0
【Cover】東京サマーセッション,281,,,https://youtu.be/x0_tjuGvGI8?si=AcoaBNIfoeg5amTF,https://youtu.be/x0_tjuGvGI8?si=AcoaBNIfoeg5amTF,,2023/09/06,おりひめばるつ（フミ、星川サラ、山神カルタ、甲斐田晴、弦月藤士郎、長尾景）,HoneyWorks,-,-,歌ってみた,FALSE,FALSE,FALSE,,,FALSE,,,,,FALSE,,,,,,,,,,,,,,,,,,,,,,,,,,0,0,0,#DIV/0!,0
HANABI,165,,,https://youtu.be/uplOB-fzsDo?si=RqsolcbLKNBG2sDR,https://youtu.be/uplOB-fzsDo?si=RqsolcbLKNBG2sDR,,2023/09/13,ROF-MAO,橘ルウイ,S.KAY,S.KAY,ROF-MAO,TRUE,FALSE,TRUE,,,FALSE,,,,,FALSE,146,,https://rof-mao.lnk.to/overflowID,https://youtu.be/fVLJariQIGo?si=ZsXEnDVHjjC8YF7w,,,,,,30,,,35,5,30,,,,,,,,,,,4,3,35,25,100
【Cover】1％の恋人,124,,,https://youtu.be/IB7bt648rS8?si=7yyUGWKetiIVu33h,https://youtu.be/IB7bt648rS8?si=7yyUGWKetiIVu33h,,2023/09/18,VΔLZ（甲斐田晴）,HoneyWorks,-,-,歌ってみた,FALSE,FALSE,FALSE,,,FALSE,,,,,FALSE,,https://youtu.be/BIXMQSe83DQ?si=voxNSTsyROFVIwAh,,,,,,,,,,,,,,,,,,,,,,,,0,0,0,#DIV/0!,0
扉,49,,,https://youtu.be/ETkAyyyuqzs,https://youtu.be/ETkAyyyuqzs,,2023/09/25,VΔLZ,宮川依恋,尾崎豪,尾崎豪・曽木琢磨,VΔLZ,TRUE,FALSE,TRUE,,三華大阪,TRUE,,https://www.youtube.com/live/22GbH8aIKvM?si=uVCMqZElVqYNjXn_&t=2795,,,FALSE,194,,https://nex-tone.link/A00122742,,,未来への期待を歌った疾走感溢れる一曲。,,25,,10,,,30,,35,,,,,,,,,,,4,3,35,25,100
もちもちハリネズミ,0,,,,https://youtu.be/sVgX2Ih--Cs?si=FC2kxEdPe5RSkPvR&t=733,,2023/10/05,剣持刀也,加賀美ハヤト、不破湊、甲斐田晴,甲斐田晴,岡村大輔(OD),ROF-MAO,TRUE,TRUE,TRUE,FALSE,,FALSE,,,,,TRUE,184,https://youtu.be/8NdFQroODKs?si=LchjogzvNET-Zvyz,,https://youtu.be/sVgX2Ih--Cs?si=hq8swlB5SmcmlvHu,,,,,,,,,10,40,,,,,,,,,,,20,3,1,40,23.33333333,70
フルカウント,157,,,https://youtu.be/shMxHvDNUxs?si=ewpkH-Xykkgms4Ud,https://youtu.be/shMxHvDNUxs?si=ewpkH-Xykkgms4Ud,,2023/10/06,ROF-MAO,鶴﨑輝一,鶴﨑輝一,鶴﨑輝一,ROF-MAO,TRUE,FALSE,TRUE,,,TRUE,https://youtu.be/jYvU7-tWQxI?si=4_Sj3TL72PPvFffC,https://www.youtube.com/live/qVylRMGabv8?si=t5NPauCOy7b-h_Ok&t=3130,,,FALSE,145,,https://rof-mao.lnk.to/overflowID,,,,,7.5,,5,17.5,,,,22.5,,,10,,,22.5,,5,10,,8,0,22.5,12.5,100
感情BONDING,97,,,,https://youtu.be/VhGw4U5RgJU?si=yQVaDFN0QKR8K45x,,2023/10/18,ROF-MAO,木下智哉,木下智哉,木下智哉,ROF-MAO,FALSE,FALSE,TRUE,,,TRUE,https://youtu.be/VhGw4U5RgJU?si=yQVaDFN0QKR8K45x,,,,FALSE,130,,https://rof-mao.lnk.to/overflowID,,,,,,,17.5,,,,,,,45,10,27.5,,,,,,,4,2,45,25,100
"Thank you, Promise!",67,,,,https://youtu.be/5jPU1t5frxU?si=KtyA3zmjNki5wQOo,,2023/10/18,ROF-MAO,柿沼雅美,湯原聡史,森谷敏紀,ROF-MAO,FALSE,FALSE,TRUE,,,FALSE,,,,,FALSE,132,,https://rof-mao.lnk.to/overflowID,,,,,,2.5,,,,32.5,10,20,,,,,,,,30,5,,6,2,32.5,16.66666667,100
Crazy Buddies!,145,,,,https://youtu.be/0dRfCWoMVMU?si=IhOpXkKQexoDL8r6,,2023/10/18,ROF-MAO,やしきん,やしきん,やしきん,ROF-MAO,FALSE,FALSE,TRUE,,,FALSE,,,,,FALSE,135,,https://rof-mao.lnk.to/overflowID,https://youtu.be/g0P0Tk6p27A?si=ZnpKN23kP7l_pODw,,,,,,25,,,35,,,,,,,,,,15,,25,4,3,35,25,100
Life is Onceで候,134,,,,https://youtu.be/WYzabp1bz_A?si=_tpI5UkUfmjv7qb2,,2023/10/18,ROF-MAO,前山田健一,前山田健一,藤原燈太,ROF-MAO,FALSE,FALSE,TRUE,,,FALSE,,,,,TRUE,200,,https://rof-mao.lnk.to/overflowID,https://youtu.be/hZFg5F6hphs?si=Fclh4BEsDEcPvpYS,,,,22.5,,25,,,25,,,,,,,,,,,,27.5,4,3,27.5,25,100
Do or Die,98,,,,https://youtu.be/CGQv3n7vMb0?si=PFdCRft1msTPLC9V,,2023/10/18,ROF-MAO,前田甘露,戸嶋友祐,戸嶋友祐,ROF-MAO,FALSE,FALSE,TRUE,,,FALSE,,,,,FALSE,242,,https://rof-mao.lnk.to/overflowID,,,,,,,5,,,,,,,45,20,30,,,,,,,4,2,45,25,100
月が綺麗だ。,90,,,https://youtu.be/sdR1ZmDXS8w?si=C1uk-KbDWdrEkZME,https://youtu.be/sdR1ZmDXS8w?si=C1uk-KbDWdrEkZME,,2023/10/25,甲斐田晴,夏代孝明,夏代孝明,草餅庵庵,個人(ソロ),TRUE,FALSE,FALSE,,,TRUE,,https://www.youtube.com/live/Cj6qVVDU3as?si=tnq8OjwrLwlsYpzJ&t=11895,,歌謡祭24D3,FALSE,170,,https://nex-tone.link/A00135047,,,,,,,,,,,,20,15,,15,,,,,30,20,,5,1,30,20,100
【Cover】群青讃歌,45,,,,https://youtu.be/o28rHP_xbV4?si=5lw8sdX2B8TInnTy,,2023/10/30,おりひめばるつ（フミ、星川サラ、山神カルタ、甲斐田晴、弦月藤士郎、長尾景）,Eve,-,-,歌ってみた,FALSE,FALSE,FALSE,,,TRUE,https://youtu.be/o28rHP_xbV4?si=5lw8sdX2B8TInnTy,https://www.youtube.com/live/EcBaszShcF0?si=LEvVnWfOCiCQWpOq&t=2937,,,FALSE,,,,,,,,,,,,,,,,,,,,,,,,,,0,0,0,#DIV/0!,0
【Cover】Mr.Music,550,,,https://youtu.be/_W5Dw_Oy9Ws?si=vd8UAYyNgciLij6L,https://youtu.be/_W5Dw_Oy9Ws?si=vd8UAYyNgciLij6L,,2023/12/16,VΔLZ×VOLTACTION（甲斐田晴、弦月藤士郎、長尾景、四季凪アキラ、セラフ・ダズルガーデン、風楽奏斗、渡会雲雀）,れるりり&ロンチーノ=ペペ&かごめP,-,-,歌ってみた,FALSE,FALSE,FALSE,,,FALSE,,,,,FALSE,,,,,,,,,,,,,,,,,,,,,,,,,,0,0,0,#DIV/0!,0
【Cover】ミックスナッツ,97,,,,https://youtu.be/ldmp36kYzB8?si=2B1meB_mcNwNyeE-,,2024/02/02,VΔLZ,Official髭男dism,-,-,歌ってみた,FALSE,FALSE,FALSE,,,TRUE,https://youtu.be/ldmp36kYzB8?si=2B1meB_mcNwNyeE-,,,,FALSE,,,,,,,,,,,,,,,,,,,,,,,,,,0,0,0,#DIV/0!,0
終点,24,,,,https://youtu.be/RYWjdxPgyhw?si=3D-YTvYXl7wZl9fW,,2024/02/14,甲斐田晴,Sekimen,南田健吾,南田健吾,個人(ソロ),FALSE,FALSE,FALSE,,,FALSE,,,,,FALSE,150,,https://nex-tone.link/A00135047,,,,,,10,,,,,,,,,,10,40,,20,,20,,5,1,40,20,100
率直,35,,,,https://youtu.be/KV9aWbia0js?si=TqBngkkMsMY99VlS,,2024/02/14,甲斐田晴,太志,太志,長谷川大介,個人(ソロ),FALSE,FALSE,FALSE,,,FALSE,,,,,FALSE,164,,https://nex-tone.link/A00135047,,,,,,,,,,25,,50,,,,,,,,25,,,3,3,50,33.33333333,100
一瞬と一生,34,,,,https://youtu.be/kIs2sBxujss?si=EBap8t5U_RrXhAgS,,2024/02/14,甲斐田晴,TKT from AliA,EREN from AliA,EREN from AliA,個人(ソロ),FALSE,FALSE,FALSE,,,FALSE,,,,,FALSE,200,,https://nex-tone.link/A00135047,,,,,,,,10,,,,,,,,,25,50,,,15,,4,2,50,25,100
この場所で,44,,,https://youtu.be/trQQv_5enC8?si=EwHx80MRTEomGjOe,https://youtu.be/trQQv_5enC8?si=EwHx80MRTEomGjOe,,2024/02/14,甲斐田晴,PON,PON,EFFY,個人(ソロ),TRUE,FALSE,FALSE,,,FALSE,,,,,FALSE,214,,https://nex-tone.link/A00135047,,,,,,,,,,45,10,20,,,,,,,,25,,,4,2,45,25,100
素顔のままでいて,29,,,,https://youtu.be/7N9CBFIzMhA?si=Xw_iLlkte9yBykBz,,2024/02/14,甲斐田晴,中塚武,中塚武,中塚武,個人(ソロ),FALSE,FALSE,FALSE,,,FALSE,,,,,FALSE,220,,https://nex-tone.link/A00135047,,,,,,5,,,,,,,,50,,40,,,,5,,,4,2,50,25,100
黎明の轍,92,,,https://youtu.be/IUCePEKB8dE?si=le0n8JBwTYY8m5BB,https://youtu.be/IUCePEKB8dE?si=le0n8JBwTYY8m5BB,,2024/02/25,VΔLZ,前田甘露,南田健吾,南田健吾,VΔLZ,TRUE,FALSE,TRUE,,三華,TRUE,https://youtu.be/ixl0scGanGU?si=GkWAapVyg1EFlc58,https://www.youtube.com/live/rAQAIGKXtnQ?si=dGo5UYLQLgoZZ8bb&t=1602,https://www.youtube.com/live/qdQtHY34W08?si=t-w1ucJRC0VqWSmt&t=282,5周年,FALSE,190,,https://nex-tone.link/A00153519,,,ストーリーコンテンツ『桜魔大戦譚 ～相対するモノたちへ～』のテーマ曲。,,,,5,15,,,,,,,25,,25,30,,,,,5,3,30,20,100
【Cover】おこちゃま戦争,184,,,https://youtu.be/u20mBgG5HyI?si=3LNwFR198_sXZGbO,https://youtu.be/u20mBgG5HyI?si=3LNwFR198_sXZGbO,,2024/03/31,VΔLZ（甲斐田晴、長尾景）,れをる、ギガP,-,-,歌ってみた,FALSE,FALSE,FALSE,,,FALSE,,,,,FALSE,,,,,,,,,,,,,,,,,,,,,,,,,,0,0,0,#DIV/0!,0
【Cover】アイドル,1092,,,https://youtu.be/depVPQkSOiw?si=ZvgtDGCrUym6Ibf7,https://youtu.be/depVPQkSOiw?si=ZvgtDGCrUym6Ibf7,,2024/04/01,ROF-MAO without 剣持刀也,YOASOBI,-,-,歌ってみた,FALSE,FALSE,TRUE,,,FALSE,,,,,FALSE,,,,,,,,,,,,,,,,,,,,,,,,,,0,0,0,#DIV/0!,0
才能が無いから何だ,100,,,https://youtu.be/pmnk1EPoMXs?si=VWHuhqsvC5rRxpo9,https://youtu.be/pmnk1EPoMXs?si=VWHuhqsvC5rRxpo9,,2024/04/05,甲斐田晴,堀江晶太,堀江晶太,堀江晶太,個人(ソロ),TRUE,FALSE,TRUE,,三華仙台,FALSE,,,,,TRUE,185,,https://linkco.re/dUptry6v,,,,,,,,40,,,,,,,,,,10,,10,40,,4,2,40,25,100
【Cover】いーあるふぁんくらぶ,121,,,https://youtu.be/zOohOWdGMwA?si=495dkcPdy9E1S8P9,https://youtu.be/zOohOWdGMwA?si=495dkcPdy9E1S8P9,,2024/04/12,VΔLZ（甲斐田晴、弦月藤士郎）,みきとP,-,-,歌ってみた,FALSE,FALSE,FALSE,,,FALSE,,,,,FALSE,,,,,,,,,,,,,,,,,,,,,,,,,,0,0,0,#DIV/0!,0
【Cover】スロウダウナー,243,,,https://youtu.be/Sgj9RmT8Lxk?si=fTV4UNftpSn7WVNe,https://youtu.be/Sgj9RmT8Lxk?si=fTV4UNftpSn7WVNe,,2024/04/19,緑仙、甲斐田晴,ろくろ,-,-,歌ってみた,FALSE,FALSE,FALSE,,,FALSE,,,,,FALSE,,,,,,,,,,,,,,,,,,,,,,,,,,0,0,0,#DIV/0!,0
Hands Up,,,,,https://youtu.be/AptfgFp8ui0?si=GRgyb61_LrOCSk7N,,2024/04/21,ROF-MAO,前田佑、久保田真悟（Jazzin’park）、栗原暁（Jazzin’park）,前田佑、久保田真悟（Jazzin’park）、栗原暁（Jazzin’park）,前田佑、久保田真悟（Jazzin’park）、栗原暁（Jazzin’park）,ROF-MAO,FALSE,FALSE,TRUE,,,TRUE,https://youtu.be/AptfgFp8ui0?si=GRgyb61_LrOCSk7N,,,,FALSE,174,,https://rof-mao.lnk.to/diveinID,,,,,,,25,5,,30,,25,,,,,,,,,15,,5,3,30,20,100
青春応歌,52,,,https://youtu.be/_QlaA-RG7Lk?si=fHa6ChAFqvwL1oSH,https://youtu.be/_QlaA-RG7Lk?si=fHa6ChAFqvwL1oSH,,2024/05/24,VΔLZ,氏原ワタル,氏原ワタル,花井諒,VΔLZ,TRUE,FALSE,TRUE,,三華,TRUE,,https://www.youtube.com/live/rAQAIGKXtnQ?si=s3Ghe_W60qPEw-SG&t=1808,https://www.youtube.com/live/qdQtHY34W08?si=dp1s0Jt2nY3IlsLv&t=4290,5周年,TRUE,125,,https://nex-tone.link/A00153519,,,応援のメッセージが込められた、ミドルテンポなロックナンバー。,,,,30,35,,5,,,,,30,,,,,,,,4,3,35,25,100
DAY BY DAY,27,,,,https://youtu.be/JvG08iOUB1A?si=_WKnJDIXIYRhG40C,,2024/06/05,VΔLZ,宮澤樹生,宮澤樹生,宮澤樹生,VΔLZ,FALSE,FALSE,TRUE,,三華,TRUE,,https://www.youtube.com/live/rAQAIGKXtnQ?si=dQ0qCflaB761d2jZ&t=2777,,,FALSE,95,,https://nex-tone.link/A00153519,,,スイング感がありつつ、シンプルな3声ハモリが映える楽曲。,,,10,,,,15,,10,,,,12.5,,,,25,27.5,,6,2,27.5,16.66666667,100
SOUP,198,,,https://youtu.be/v_Bj3oGvfwg?si=pHnNIB_mNM6LTy_e,https://youtu.be/v_Bj3oGvfwg?si=pHnNIB_mNM6LTy_e,,2024/06/05,VΔLZ,じん,じん,廣澤優也,VΔLZ,TRUE,FALSE,TRUE,,三華,TRUE,,https://www.youtube.com/live/Rz0O68Ejblw?si=wBxUVlkHy11mQujc&t=2896,,,FALSE,120,,https://nex-tone.link/A00153519,,,繊細に入れ替わり続けるハモリが特徴的な、美しく温かみのある楽曲。,,,15,,,,,,,25,,,10,,,5,15,30,,6,2,30,16.66666667,100
ブリキの魂,95,,,https://youtu.be/bnkXJOoYZjA?si=wC8E1WQqu3ZfywIR,https://youtu.be/bnkXJOoYZjA?si=wC8E1WQqu3ZfywIR,,2024/06/05,VΔLZ,甲斐田晴,弦月藤士郎,廣澤優也、藤井健太郎(HANO),VΔLZ,TRUE,TRUE,TRUE,,三華,TRUE,,https://www.youtube.com/live/Rz0O68Ejblw?si=T1fwi0tGdnodezD_&t=1649,,,FALSE,178,,https://nex-tone.link/A00153519,,,VΔLZの歩み・転換期について、メンバーが案を出し合いながら制作・歌唱したエモーショナルな一曲。,,,,,,,,,,,,10,,25,35,,5,25,,5,3,35,20,100
Treasure Believer,23,,,,https://youtu.be/E0g9Oy1QCEg?si=p6Ce9XsM8yz6umvc,,2024/06/05,VΔLZ,林英樹,佐藤純一（fhàna）,佐藤純一（fhàna）,VΔLZ,FALSE,FALSE,TRUE,,三華,TRUE,,https://www.youtube.com/live/rAQAIGKXtnQ?si=alqsM6HXPWwtT0ZN&t=2527,https://www.youtube.com/live/22GbH8aIKvM?si=E3bOET1izULj8G8J&t=3309,,FALSE,180,,https://nex-tone.link/A00153519,,,爽やかなバンドサウンドが特徴的な、前向きで明るい楽曲。,,,,,,,37.5,12.5,40,,,,,,,,10,,,4,2,40,25,100
ムーンウォーカーズ,23,,,,https://youtu.be/mXqAYfb3ya0?si=R2ecfcSL0p5g-AbE,,2024/06/05,VΔLZ,buzzG,buzzG,YK from 有感覚,VΔLZ,FALSE,FALSE,TRUE,,三華,TRUE,https://youtu.be/mXqAYfb3ya0?si=R2ecfcSL0p5g-AbE,https://www.youtube.com/live/Rz0O68Ejblw?si=YvYm-vWgM5Mzrtb5&t=2054,https://www.youtube.com/live/qdQtHY34W08?si=C82_PF-Tslke4b4d&t=884,5周年,FALSE,190,,https://nex-tone.link/A00153519,,,クールでスマートなロック。,,10,,,,7.5,,,,,5,30,27.5,7.5,,,,12.5,,7,2,30,14.28571429,100
DiVE !N,191,,,https://youtu.be/pla0iR5CG4M?si=m_N-Qrf3NhIVDNrK,https://youtu.be/pla0iR5CG4M?si=m_N-Qrf3NhIVDNrK,,2024/07/01,ROF-MAO,田邊駿一,田邊駿一,Naoki Itai,ROF-MAO,TRUE,FALSE,TRUE,,,TRUE,,https://www.youtube.com/live/Ip0bQfyoqgs?si=S38_7gnUfp7MHCRr&t=7282,,CDL,FALSE,180,,https://rof-mao.lnk.to/diveinID,,,,,15,,20,,,10,,40,,,5,,,,,10,,,6,1,40,16.66666667,100
Amazing Moment,11,,,,https://youtu.be/IsUsPZXHRfk?si=xzxE6147YQJMxUCG,,2024/07/11,VΔLZ＆DRAMATIC STARS,松井洋平,和賀裕希,高木龍一(Dream Monster),VΔLZ,FALSE,FALSE,FALSE,,,FALSE,,,,,FALSE,130,,https://lnk.to/LZC-2803,https://youtu.be/IsUsPZXHRfk?si=xzxE6147YQJMxUCG,,,,,,10,,,25,10,30,,,,,,10,,,15,,6,2,30,16.66666667,100
哲学ニンゲン,,,,https://youtu.be/HCu4mTo6H2I?si=xnFy_VwR5RYR65H3,https://youtu.be/HCu4mTo6H2I?si=xnFy_VwR5RYR65H3,,2024/07/18,不破湊,加賀美ハヤト、剣持刀也、甲斐田晴,甲斐田晴,甲斐田晴,ROF-MAO,TRUE,TRUE,TRUE,FALSE,,FALSE,,,,,TRUE,160,,,https://youtu.be/gjEKxTLDPPY?si=hvqb8LXa4um91oZy,https://youtu.be/gBpnV14JrQs?si=Xalta-nQuunu4IlG,「木10!ろふまお塾」オリジナルソング企画第３弾で爆誕した超大作(？) 日々の疑問を歌に乗せて哲学するニンゲンの姿をお楽しみください！（MV概要欄より）,,10,,20,20,,,,,,,,,,,,,,20,4,0,20,17.5,70
Bring it on,2607,,,https://youtu.be/8xZREULMjVM?si=mcUP2bU2e16uHWyL,https://youtu.be/8xZREULMjVM?si=mcUP2bU2e16uHWyL,,2024/07/24,ROF-MAO,Hayato Yamamoto、 SARAH,Hayato Yamamoto、 pw.a,Hayato Yamamoto、 pw.a,ROF-MAO,TRUE,FALSE,TRUE,,,TRUE,https://youtu.be/XS6QazG3bUw?si=02IAWtD-mP5pQ4A8,,,,FALSE,143,https://www.youtube.com/shorts/b8RoWq19nBo,https://rof-mao.lnk.to/diveinID,https://youtu.be/jme8hHOGxTE?si=xto-GUacOs64RHEW,https://youtu.be/ycSLQLDMyTo?si=-z1Mjzygr5BOJtQK,,,,,30,,,10,,,,,40,10,,,,,,10,5,2,40,20,100
【Cover】レゾンデイトル・カレイドスコウプ,42,,,https://youtu.be/Z-LRD-YZfd4?si=KO-s-sjqgWXfQATm,https://youtu.be/Z-LRD-YZfd4?si=KO-s-sjqgWXfQATm,,2024/07/29,VΔLZ,ツミキ,-,-,歌ってみた,FALSE,FALSE,FALSE,,,FALSE,,,,,FALSE,,,,,,,,,,,,,,,,,,,,,,,,,,0,0,0,#DIV/0!,0
Tell me Your dream,41,,,,https://youtu.be/lwkWzkq-ZfU?si=Cj0dmjv1mtk2zqze,,2024/09/14,甲斐田晴,天使電影,天使電影、甲斐田晴,天使電影,VΔLZ,FALSE,TRUE,TRUE,,三華横浜,FALSE,,,,,FALSE,130,,https://nex-tone.link/A00163946,,,ソロ楽曲公募企画にて選ばれた爽やかな曲調の1曲。サビのメロディは甲斐田の書き下ろし。,,,,,,,30,30,30,,,,,,,,10,,,4,3,30,25,100
情熱的ボーイ,530,,,https://youtu.be/r8FNLB3Gn8E?si=qpDJjsd-_WRonKHu,https://youtu.be/r8FNLB3Gn8E?si=qpDJjsd-_WRonKHu,,2024/10/02,ROF-MAO,NAOTO,NAOTO,NAOTO,ROF-MAO,TRUE,FALSE,TRUE,,,TRUE,,https://www.youtube.com/live/JZ3sYu1WDC8?si=DFDw_rIVVkreDJcE&t=2277,,,FALSE,144,,https://rof-mao.lnk.to/momentum,https://youtu.be/X5S8OvbAONM?si=-VEQW0a7Ls7g2HF0,https://youtu.be/ThmEmUyq9PY?si=itj1k363PV46hIII,,,,,30,15,,30,,,,,5,,,,,,,20,5,2,30,20,100
Beyond the Frame,59,,,https://youtu.be/HhFQaZxJ3gk?si=hw86OpFjXpUh0yC8,https://youtu.be/HhFQaZxJ3gk?si=hw86OpFjXpUh0yC8,,2024/10/16,VΔLZ,Tayuto Nakasu、MEG(MEGMETAL),MEG(MEGMETAL),MEG(MEGMETAL),VΔLZ,TRUE,FALSE,FALSE,,,TRUE,,https://www.youtube.com/live/qdQtHY34W08?si=HVje_7sVdg0niAu5&t=65,,5周年,FALSE,180,,https://nex-tone.link/A00165279,,,,,10,,25,35,,,,,,,25,,,5,,,,,5,3,35,20,100
水の記憶,68,,,https://youtu.be/foWOfn1Nyjg?si=M3NCucX4cq_hWWlw,https://youtu.be/foWOfn1Nyjg?si=M3NCucX4cq_hWWlw,,2024/10/25,甲斐田晴,sabio/高村風太,sabio/高村風太,sabio/高村風太,個人(ソロ),TRUE,FALSE,TRUE,,,FALSE,,,,,FALSE,177,,https://linkco.re/CS6MN2F7,,,,,,,,,,,,15,30,,,,,5,25,20,5,,6,2,30,16.66666667,100
【Cover】ドライフラワー（弾き語り）,,,,https://youtube.com/shorts/Lt23lQypnXU?si=YC2EOiVTwJg3GdV6,https://youtube.com/shorts/Lt23lQypnXU?si=YC2EOiVTwJg3GdV6,,2024/10/27,天宮こころ、甲斐田晴,優里,-,-,歌ってみたShorts,FALSE,FALSE,FALSE,,,FALSE,,https://www.youtube.com/live/qIGjhutbirQ?t=2309&si=wmzs4NlAUnGI6Exb,,,FALSE,,,,,,,,,,,,,,,,,,,,,,,,,,0,0,0,#DIV/0!,0
Budding!,78,,,https://youtu.be/-rSbRXK2sZc?si=OYH-LBI3ZEVp0HW2,https://youtu.be/-rSbRXK2sZc?si=OYH-LBI3ZEVp0HW2,,2024/11/27,月ノ美兎、伏見ガク、社築、フレン・E・ルスタリオ、甲斐田晴、栞葉るり,kz,kz,kz,全体曲,TRUE,FALSE,FALSE,,,FALSE,,,,,FALSE,155,,https://linktr.ee/nijisanji_music_he4rtbe4t,,,四季をコンセプトにした『HE4RT BE4T!』のうちの「春」の楽曲。,春楽曲「Budding!」サウンドディレクター：kz氏より「春って何かが始まる期待感もある一方で、何かが終わった後、そして周りの景色が変わることへの不安もそれなりに大きい季節だなぁと思います。馴染むまで時間がかかることもあるかもしれないけどなんやかんやでそのうち芽吹いて楽しくなってくるものでしょう。そんな曲、「Budding!」、よろしくお願いします。」,,,,,,40,10,20,,,,,,,,30,,,4,2,40,25,100
【Cover】オレンジ,122,,,https://youtu.be/wFcXjbGaHyA?si=K-UMB7TVPjlrWLYf,https://youtu.be/wFcXjbGaHyA?si=K-UMB7TVPjlrWLYf,,2024/11/28,VΔLZ,SPYAIR,-,-,歌ってみた,FALSE,FALSE,FALSE,,,FALSE,,,,,FALSE,,https://youtube.com/shorts/a5FACK_V068?si=1bew8REIBhMGDsTj,,,,,,,,,,,,,,,,,,,,,,,,0,0,0,#DIV/0!,0
【Cover】オレンジ（ソロver）,,,,https://youtube.com/shorts/fDvTUWhqUzY?si=PfGBkrZdcifwaiJ-,https://youtube.com/shorts/fDvTUWhqUzY?si=PfGBkrZdcifwaiJ-,,2024/12/03,VΔLZ（甲斐田晴）,SPYAIR,-,-,歌ってみたShorts,FALSE,FALSE,FALSE,,,FALSE,,,,,FALSE,,,,,,,,,,,,,,,,,,,,,,,,,,0,0,0,#DIV/0!,0
【Cover】シザーハンズ,45,,,https://youtu.be/BF6xjNAIRp4?si=LATsMIgewuNeWXuq,https://youtu.be/BF6xjNAIRp4?si=LATsMIgewuNeWXuq,,2024/12/13,甲斐田晴,Nem,-,-,歌ってみた,FALSE,FALSE,FALSE,,,FALSE,,,,,FALSE,,,,,,,,,,,,,,,,,,,,,,,,,,0,0,0,#DIV/0!,0
ガム,210,,,https://youtu.be/ImDL9Xg8POE?si=DLfPiXjlYBndIMXi,https://youtu.be/ImDL9Xg8POE?si=DLfPiXjlYBndIMXi,,2025/01/30,ROF-MAO,川谷絵音,川谷絵音,川谷絵音,ROF-MAO,TRUE,FALSE,TRUE,,,TRUE,,https://www.youtube.com/live/JZ3sYu1WDC8?si=ngsgS2HTF4G3YuIH&t=2450,,,FALSE,122,,https://rof-mao.lnk.to/momentum,https://youtu.be/_8YV_AiT5Xo?si=yRREx6r4oGhi1Bgx,,,,,10,,,,,,,,10,22.5,22.5,15,,,,10,10,7,0,22.5,14.28571429,100
【Cover】シュガーソングとビターステップ,,,,https://youtu.be/4UnZzeDVkHQ?si=PJWx8yUwCpHtpsOJ,https://youtu.be/4UnZzeDVkHQ?si=PJWx8yUwCpHtpsOJ,,2025/02/09,VΔLZ,UNISON SQUARE GARDEN,-,-,歌ってみた,FALSE,FALSE,FALSE,,,FALSE,,,,,FALSE,,https://youtu.be/-Ouxwn0Te2c?si=8ZUJMbaTwxYpmcqy,,,,,,,,,,,,,,,,,,,,,,,,0,0,0,#DIV/0!,0
Arc goes oN Live ver「OVERTURE」,,,,,https://youtu.be/O7wLpNf7k-o?si=ep-JrdONsNUzKPPj,,2025/02/24,える、アルス・アルマル、星川サラ、甲斐田晴、ローレン・イロアス、レオス・ヴィンセント、風楽奏斗、ソフィア・ヴァレンタイン,烏屋茶房,篠崎あやと,篠崎あやと,全体曲,FALSE,FALSE,TRUE,,,FALSE,,,,,FALSE,95,,https://nex-tone.link/A00185620,,,「にじさんじ7周年」をテーマとした、盛り上がりやエモさを感じられる楽曲のライブ音源。,えにまが,5,,30,,,25,,,,,,,,10,,,30,,5,3,30,20,100
布袋尊,788,,,https://youtu.be/vNdZpp7GiuM?si=0mvFlVbAtPQXIvVA,https://youtu.be/vNdZpp7GiuM?si=0mvFlVbAtPQXIvVA,,2025/03/13,ROF-MAO,ケンモチヒデフミ,ケンモチヒデフミ,ケンモチヒデフミ,ROF-MAO,TRUE,FALSE,TRUE,,,FALSE,,,,,FALSE,147,,https://rof-mao.lnk.to/momentum,https://youtu.be/GROlz6d8iMI?si=t1Ho0R8VQ8M2041S,,,,10,,,,,40,12.5,,,,12.5,,,,,,,25,5,2,40,20,100
今日みたいに,67,,,,https://youtu.be/CDRpYkulVHE?si=ZJ5q52lQdQ9yENzF,,2025/03/26,ROF-MAO,内澤崇仁（androp）,内澤崇仁（androp）,内澤崇仁（androp）,ROF-MAO,FALSE,FALSE,TRUE,,,FALSE,,,,,FALSE,122,,https://rof-mao.lnk.to/momentum,https://youtu.be/pXRkAXNaZkg?si=Da7vi0eEVJh1wOa8,,,,,30,,5,,,,5,,,,,,10,5,20,25,,7,2,30,14.28571429,100
Refresh.exe,65,,,,https://youtu.be/tVNREc5xTfE?si=7AajDMgslZ0bP8uN,,2025/03/26,ROF-MAO,熊木幸丸（Lucky Kilimanjaro）,熊木幸丸（Lucky Kilimanjaro）,熊木幸丸（Lucky Kilimanjaro）,ROF-MAO,FALSE,FALSE,TRUE,,,FALSE,,,,,FALSE,135,,https://rof-mao.lnk.to/momentum,https://youtu.be/QelvAQDDCOI?si=YpQuJE3zDwusABp6,,,,,25,,,,25,,25,,,,,,,,15,10,,5,3,25,20,100
AGATTA,,,,https://youtu.be/1i_5ncyNYLg?si=uCRkxdv2Nea7bUE8,https://youtu.be/1i_5ncyNYLg?si=uCRkxdv2Nea7bUE8,,2025/03/26,ROF-MAO,OHTORA,OHTORA、 maeshima soshi,maeshima soshi,ROF-MAO,TRUE,FALSE,TRUE,,,TRUE,https://youtu.be/VeKhwFmGZuk?si=05VMss5kf5o2KDwu,,,,FALSE,150,,https://rof-mao.lnk.to/momentum,https://x.com/ROF_MAO/status/1942162035284049950,https://youtu.be/PQe9hoVv-lc?si=o_A6WIEuk37Qpbxl,,,10,,25,10,,15,,25,,,15,,,,,,,,6,2,25,16.66666667,100
勝利の歌～最強無敵ナンバーワン～,,,,https://youtu.be/qmaKpkE1aVA?si=KIQSDblK-mtJ9-G2,https://youtu.be/qmaKpkE1aVA?si=KIQSDblK-mtJ9-G2,,2025/03/26,ROF-MAO,綾小路翔,綾小路翔,木内 健,ROF-MAO,TRUE,FALSE,TRUE,FALSE,,TRUE,,https://www.youtube.com/live/JZ3sYu1WDC8?si=zDcqcalZJSKJPeUe&t=3454,,,FALSE,152,,https://rof-mao.lnk.to/momentum,https://youtu.be/o61ZNhWWA3A?si=-CzILWBsmDLwS4Bn,,,,10,,30,25,,10,,,,,,,,,,,,25,5,3,30,20,100
浮世の演舞[Re:vision],45,,,,https://youtu.be/z55LIzKpeWk?si=zvfB-kUt4Sm20GDl,,2025/04/02,VΔLZ,VΔLZ,弦月藤士郎,弦月藤士郎,VΔLZ,FALSE,TRUE,FALSE,,,TRUE,,https://www.youtube.com/live/qdQtHY34W08?si=lTzLyi-sHn1ASwX8&t=2940,,5周年,FALSE,128,,https://nex-tone.link/A00181087,,,VΔLZの初オリジナル楽曲「浮世の演舞」をアレンジ・アップデート。,,,,,10,,,,,,,30,25,25,10,,,,,5,3,30,20,100
【Cover】青いベンチ（弾き語り風）,47,,,https://youtu.be/U8RbOjfXv2g?si=Igr58DMLCaJytDWl,https://youtu.be/U8RbOjfXv2g?si=Igr58DMLCaJytDWl,,2025/04/03,甲斐田晴,サスケ,-,-,歌ってみたShorts,FALSE,FALSE,FALSE,,,FALSE,,,,,FALSE,,,,,,,,,,,,,,,,,,,,,,,,,,0,0,0,#DIV/0!,0
始まりの理由を,33,,,https://youtu.be/w9IoVoN6UEI?si=hzYYLi9suW2MiBU8,https://youtu.be/w9IoVoN6UEI?si=hzYYLi9suW2MiBU8,,2025/04/04,甲斐田晴,白神真志朗,白神真志朗,白神真志朗,個人(ソロ),TRUE,FALSE,FALSE,,,TRUE,,https://youtu.be/tG6h83PreFk?si=bWsAZ9411maEic_d&t=822,,MAGIC3D,FALSE,192,,https://linkco.re/CS6MN2F7,,,,,,,,35,,,,15,,,10,,,,,5,35,,5,2,35,20,100
【Cover】さよならエレジー（弾き語り風）,44,,,https://youtu.be/HE9gDi9UWaM?si=65OAoismz1SkL-Ya,https://youtu.be/HE9gDi9UWaM?si=65OAoismz1SkL-Ya,,2025/04/06,甲斐田晴,菅田将暉,-,-,歌ってみたShorts,FALSE,FALSE,FALSE,,,FALSE,,,,,FALSE,,,,,,,,,,,,,,,,,,,,,,,,,,0,0,0,#DIV/0!,0
【Cover】ユニバース,35,,,https://youtu.be/rsjbqshqpg4?si=uRQhPHx6j1tvmPyP,https://youtu.be/rsjbqshqpg4?si=uRQhPHx6j1tvmPyP,,2025/04/12,甲斐田晴,夏代孝明,-,-,歌ってみたShorts,FALSE,FALSE,FALSE,,,FALSE,,,,,FALSE,,,,,,,,,,,,,,,,,,,,,,,,,,0,0,0,#DIV/0!,0
【Cover】お気に召すまま,249,,,https://youtu.be/AURrkm0ZgLc?si=1e5MFbl37mUJwQ4V,https://youtu.be/AURrkm0ZgLc?si=1e5MFbl37mUJwQ4V,,2025/04/16,にじさんじ研究者組（アンジュ・カトリーナ、葉加瀬冬雪、甲斐田晴、レオス・ヴィンセント）,Eve,-,-,歌ってみた,FALSE,FALSE,FALSE,,,FALSE,,,,,FALSE,,,,,,,,,,,,,,,,,,,,,,,,,,0,0,0,#DIV/0!,0
【Cover】Bunny Girl,121,,,https://youtu.be/R3Mm1R9-O3c?si=9_D4nLxmpsJw4ScC,https://youtu.be/R3Mm1R9-O3c?si=9_D4nLxmpsJw4ScC,,2025/04/20,甲斐田晴,AKASAKI,-,-,歌ってみたShorts,FALSE,FALSE,FALSE,,,FALSE,,,,,FALSE,,,,,,,,,,,,,,,,,,,,,,,,,,0,0,0,#DIV/0!,0
【Cover】鬼ノ宴（弾き語り風）,66,,,https://youtu.be/fzBqbPJsFTo?si=C926EZbYt8OOgPWz,https://youtu.be/fzBqbPJsFTo?si=C926EZbYt8OOgPWz,,2025/04/22,甲斐田晴,友成空,-,-,歌ってみたShorts,FALSE,FALSE,FALSE,,,FALSE,,,,,FALSE,,,,,,,,,,,,,,,,,,,,,,,,,,0,0,0,#DIV/0!,0
古傷マーモット,41,,,https://youtu.be/ZOZBpyC90Kw?si=HuTRxdovQYxt4tmw,https://youtu.be/ZOZBpyC90Kw?si=HuTRxdovQYxt4tmw,,2025/04/24,甲斐田晴,加賀美ハヤト、剣持刀也、不破湊,甲斐田晴,-,ROF-MAO,TRUE,TRUE,TRUE,FALSE,,FALSE,,,,,FALSE,100,,,https://youtu.be/y8P2TdDPekk?si=SOiAbe6pH-fSb1Rk,,,,,12.5,,,,,,,,,,,,12.5,25,,,20,4,1,25,17.5,70
【Cover】ダーリン,124,,,https://youtu.be/hHg-wbXnvz0?si=sZtmyyD8AnIgoY1-,https://youtu.be/hHg-wbXnvz0?si=sZtmyyD8AnIgoY1-,,2025/04/27,甲斐田晴,須田景凪,-,-,歌ってみたShorts,FALSE,FALSE,FALSE,,,FALSE,,,,,FALSE,,,,,,,,,,,,,,,,,,,,,,,,,,0,0,0,#DIV/0!,0
【Cover】モエチャッカファイア,95,,,https://youtu.be/AgyvyJutDaM?si=Keog7_51dzTmMSuA,https://youtu.be/AgyvyJutDaM?si=Keog7_51dzTmMSuA,,2025/04/30,甲斐田晴,弌誠,-,-,歌ってみたShorts,FALSE,FALSE,FALSE,,,FALSE,,,,,FALSE,,,,,,,,,,,,,,,,,,,,,,,,,,0,0,0,#DIV/0!,0
【Cover】カタオモイ（弾き語り風）,64,,,https://youtu.be/DxJ9DG0J5Cw?si=PtouxBeU8RwP4Xqn,https://youtu.be/DxJ9DG0J5Cw?si=PtouxBeU8RwP4Xqn,,2025/05/04,甲斐田晴,Aimer,-,-,歌ってみたShorts,FALSE,FALSE,FALSE,,,FALSE,,,,,FALSE,,,,,,,,,,,,,,,,,,,,,,,,,,0,0,0,#DIV/0!,0
【Cover】テトリス,55,,,https://youtu.be/d0J-yrrsLoM?si=3KzHeD3J4ulresax,https://youtu.be/d0J-yrrsLoM?si=3KzHeD3J4ulresax,,2025/05/11,甲斐田晴,柊マグネタイト,-,-,歌ってみたShorts,FALSE,FALSE,FALSE,,,FALSE,,,,,FALSE,,,,,,,,,,,,,,,,,,,,,,,,,,0,0,0,#DIV/0!,0
【Cover】怪獣（弾き語り風）,26,,,https://youtu.be/LmvOLnfa2Hk?si=0UlqJByye3ECkWAz,https://youtu.be/LmvOLnfa2Hk?si=0UlqJByye3ECkWAz,,2025/05/13,甲斐田晴,サカナクション,-,-,歌ってみたShorts,FALSE,FALSE,FALSE,,,FALSE,,,,,FALSE,,,,,,,,,,,,,,,,,,,,,,,,,,0,0,0,#DIV/0!,0
【Cover】ロウワー,63,,,https://youtu.be/tiZ_8YkbEvA?si=jOQ02pnZgZmvzPPR,https://youtu.be/tiZ_8YkbEvA?si=jOQ02pnZgZmvzPPR,,2025/05/25,甲斐田晴,ぬゆり,-,-,歌ってみたShorts,FALSE,FALSE,FALSE,,,FALSE,,,,,FALSE,,,,,,,,,,,,,,,,,,,,,,,,,,0,0,0,#DIV/0!,0
【Cover】モノクロのキス,88,,,https://youtu.be/7kgXgPed65s?si=JBu7Rh_mozzRUAED,https://youtu.be/7kgXgPed65s?si=JBu7Rh_mozzRUAED,,2025/05/31,VΔLZ,シド,-,-,歌ってみた,FALSE,FALSE,FALSE,,,FALSE,,,,,FALSE,,,,,,,,,,,,,,,,,,,,,,,,,,0,0,0,#DIV/0!,0
謳え正直者,0,,,,https://www.youtube.com/live/wPndiDopajo?si=e9zZ64awRT9HUW3v&t=3835,,2025/06/12,甲斐田晴,甲斐田晴 feat.リスナー,甲斐田晴,-,その他,FALSE,TRUE,FALSE,FALSE,,FALSE,,,,,FALSE,116,,,https://www.youtube.com/live/wPndiDopajo?si=e9zZ64awRT9HUW3v&t=3835,,,,,5,,,,10,,,,,,,,,,,5,15,4,0,15,8.75,35
魔法について,12,,,,https://youtu.be/RJ4pxNu2Di8?si=Y38ouoDTMlwk9x8_,,2025/06/13,甲斐田晴,堀江晶太,堀江晶太,堀江晶太,個人(ソロ),FALSE,FALSE,FALSE,,,FALSE,,,,,FALSE,72,,https://linkco.re/CS6MN2F7,,,,,,20,,,,,,,20,,,,,20,5,15,20,,6,0,20,16.66666667,100
オブリビオン,14,,,,https://youtu.be/0nyHpX1_Y88?si=1dDJs4w-LCCKvHzy,,2025/06/13,甲斐田晴,堀江晶太,堀江晶太,堀江晶太,個人(ソロ),FALSE,FALSE,FALSE,,,FALSE,,,,,FALSE,80,,https://linkco.re/CS6MN2F7,,,,,,20,,,,,,,25,,,,5,5,40,,5,,6,2,40,16.66666667,100
されど星の輝きを知る,15,,,,https://youtu.be/qnlGnVBSS6E?si=X9_jTIzonBvjU7NN,,2025/06/13,甲斐田晴,buzzG,buzzG,buzzG,個人(ソロ),FALSE,FALSE,FALSE,,,TRUE,,https://youtu.be/tG6h83PreFk?si=a-AvzSjXkxX8_zLr&t=650,,MAGIC3D,FALSE,122,,https://linkco.re/CS6MN2F7,,,,,,15,,,,,,10,10,,,,,,25,20,20,,6,1,25,16.66666667,100
独白,21,,,,https://youtu.be/V4BeK1gfEKk?si=XeouYvtQUHGFGxAB,,2025/06/13,甲斐田晴,シノダ,イガラシ,ヒトリエ,個人(ソロ),FALSE,FALSE,FALSE,,,TRUE,,https://youtu.be/tG6h83PreFk?si=jUDRlIHGn2ndZ55E&t=197,,MAGIC3D,FALSE,134,,https://linkco.re/CS6MN2F7,,,,,,,,,,,,,,5,35,25,25,,,,10,,5,3,35,20,100
エンドロールで待ってる,22,,,,https://youtu.be/56MSCi1vOHQ?si=4kayM4P_8Xfv2xcZ,,2025/06/13,甲斐田晴,TOKOTOKO,TOKOTOKO,TOKOTOKO,個人(ソロ),FALSE,FALSE,FALSE,,,TRUE,,https://youtu.be/tG6h83PreFk?si=3F-4bPDCdPXsDwMp&t=1,,MAGIC3D,FALSE,146,,https://linkco.re/CS6MN2F7,,,,,,,,,,35,20,30,,,,,,,,15,,,4,2,35,25,100
雷命,18,,,,https://youtu.be/HpDWe6BE0cw?si=s8Umo4FTk4GUbSNv,,2025/06/13,甲斐田晴,堀江晶太,三代,三代,個人(ソロ),FALSE,FALSE,TRUE,,SitR,TRUE,,https://www.youtube.com/live/daKnKRRoFTU?si=v6TYsQNgUH3RDHmC&t=3015,,,TRUE,148,,https://linkco.re/CS6MN2F7,,,,,25,,40,30,,,,,,,5,,,,,,,,4,3,40,25,100
声の旅,34,,,https://youtu.be/ES-AjY0a8UY?si=UbE2zJQZmXrkeu15,https://youtu.be/ES-AjY0a8UY?si=UbE2zJQZmXrkeu15,,2025/06/13,甲斐田晴,堀江晶太,堀江晶太,堀江晶太,個人(ソロ),TRUE,FALSE,FALSE,,,TRUE,,https://youtu.be/tG6h83PreFk?si=_V1Ubzvet_x6nVzG&t=1007,,MAGIC3D,FALSE,174,,https://linkco.re/CS6MN2F7,,,,,,,,20,,,,10,5,,,,,40,,15,10,,6,1,40,16.66666667,100
247LOVE,17,,,,https://youtu.be/31aG87oU98g?si=kDhvdYPzc_DckkpN,,2025/06/13,甲斐田晴,Nor,Nor,Nor,個人(ソロ),FALSE,FALSE,FALSE,,,FALSE,,,,,FALSE,174,,https://linkco.re/CS6MN2F7,,,,,,,,,,20,60,20,,,,,,,,,,,3,1,60,33.33333333,100
ブルーミソロジー,17,,,,https://youtu.be/luOuECtt1Z0?si=K4Qzx4aXmmqwtDXc,,2025/06/13,甲斐田晴,Ｈ△Ｇ（ハグ）,Ｈ△Ｇ（ハグ）,Ryo'LEFTY'Miyata,個人(ソロ),FALSE,FALSE,FALSE,,,TRUE,,https://youtu.be/tG6h83PreFk?si=jUDRlIHGn2ndZ55E&t=197,,MAGIC3D,FALSE,194,,https://linkco.re/CS6MN2F7,,,,,20,,,30,,,,25,,,20,,,,2.5,,2.5,,6,2,30,16.66666667,100
トマトは愛を解さない,19,,,,https://youtu.be/4k4qwBE0k1k?si=6lP2rCyfdmqKKx5I,,2025/06/13,甲斐田晴,タカハシヨウ（家の裏でマンボウが死んでるP）,タカハシヨウ（家の裏でマンボウが死んでるP）,堀江晶太,個人(ソロ),FALSE,FALSE,FALSE,,,FALSE,,,,,FALSE,200,,https://linkco.re/CS6MN2F7,,,,,20,,,5,20,,,,,,,,25,,,,,30,5,2,30,20,100
【Cover】ずうっといっしょ！,119,,,https://youtube.com/shorts/wYQZcnmGsLc?si=-Ss-IH3AyWveXklx,https://youtube.com/shorts/wYQZcnmGsLc?si=-Ss-IH3AyWveXklx,,2025/06/14,甲斐田晴,キタニタツヤ,-,-,歌ってみたShorts,FALSE,FALSE,FALSE,,,FALSE,,,,,FALSE,135,,,,,,,,,,,,,,,,,,,,,,,,,0,0,0,#DIV/0!,0
【Cover】オーバーライド,44,,,https://youtu.be/jZMD3DVzsRE?si=XzYYf9tvRbCTrPHI,https://youtu.be/jZMD3DVzsRE?si=XzYYf9tvRbCTrPHI,,2025/06/28,甲斐田晴,吉田夜世,-,-,歌ってみたShorts,FALSE,FALSE,FALSE,,,FALSE,,,,,FALSE,,,,,,,,,,,,,,,,,,,,,,,,,,0,0,0,#DIV/0!,0
【Cover】いらないもの,44,,,https://youtu.be/KPVaIhT28PU?si=-CxdY_1odZ0KUdkP,https://youtu.be/KPVaIhT28PU?si=-CxdY_1odZ0KUdkP,,2025/07/27,甲斐田晴,キタニタツヤ×なとり,-,-,歌ってみたShorts,FALSE,FALSE,FALSE,,,FALSE,,,,,FALSE,,,,,,,,,,,,,,,,,,,,,,,,,,0,0,0,#DIV/0!,0
【Cover】睡蓮花,,,,https://youtube.com/shorts/p5WCkpX_Ls0?si=2hzKyciEHla_ODPq,https://youtube.com/shorts/p5WCkpX_Ls0?si=2hzKyciEHla_ODPq,,2025/08/10,VΔLZ,湘南乃風,-,-,歌ってみたShorts,FALSE,FALSE,FALSE,,,FALSE,,,,,FALSE,,,,,,,,,,,,,,,,,,,,,,,,,,0,0,0,#DIV/0!,0
【Cover】ビターバカンス,,,,https://youtube.com/shorts/lj5eVA3WVw0?si=4f-W-0aEZDnx3sqM,https://youtube.com/shorts/lj5eVA3WVw0?si=4f-W-0aEZDnx3sqM,,2025/08/12,VΔLZ,Mrs. GREEN APPLE,-,-,歌ってみたShorts,FALSE,FALSE,FALSE,,,FALSE,,,,,FALSE,,,,,,,,,,,,,,,,,,,,,,,,,,0,0,0,#DIV/0!,0
【Cover】シャカビーチ ～Laka Laka La～,,,,https://youtube.com/shorts/4aE-LuNq1w8?si=DIGFCy07fR2Xjr_a,https://youtube.com/shorts/4aE-LuNq1w8?si=DIGFCy07fR2Xjr_a,,2025/08/13,VΔLZ（甲斐田晴）,UVERworld,-,-,歌ってみたShorts,FALSE,FALSE,FALSE,,,FALSE,,,,,FALSE,,,,,,,,,,,,,,,,,,,,,,,,,,0,0,0,#DIV/0!,0
【Cover】ココロオドル,,,,https://youtube.com/shorts/6Mg9KPS7wqo?si=SJIaQjGR7Ttw9SWv,https://youtube.com/shorts/6Mg9KPS7wqo?si=SJIaQjGR7Ttw9SWv,,2025/08/14,VΔLZ,nobodyknows+,-,-,歌ってみたShorts,FALSE,FALSE,FALSE,,,FALSE,,,,,FALSE,,,,,,,,,,,,,,,,,,,,,,,,,,0,0,0,#DIV/0!,0
【Cover】サマータイムレコード,,,,https://youtube.com/shorts/XwLJa6t3fZI?si=9ePmTAB4OhiYZ8zO,https://youtube.com/shorts/XwLJa6t3fZI?si=9ePmTAB4OhiYZ8zO,,2025/08/16,VΔLZ,じん,-,-,歌ってみた,FALSE,FALSE,TRUE,,一唱入魂,FALSE,,,,,FALSE,,https://youtube.com/shorts/XwLJa6t3fZI?si=9ePmTAB4OhiYZ8zO,,,,,,,,,,,,,,,,,,,,,,,,0,0,0,#DIV/0!,0
Winning Game,11,,,https://youtu.be/bt7yUVrWtEE?si=aMExNc3uoPrI9Pb0,https://youtu.be/bt7yUVrWtEE?si=aMExNc3uoPrI9Pb0,,2025/08/17,甲斐田晴,甲斐田晴,甲斐田晴,弦月藤士郎、ナツメ ユウキ,個人(ソロ),TRUE,TRUE,FALSE,FALSE,,FALSE,,,,,FALSE,180,,,,,,,,,5,22.5,,12.5,,30,,,,,,,,,20,,5,1,30,18,90
【Cover】虹色のPuddle,184,,,https://youtu.be/DvDVY7nXVco?si=e9ROPfh8QzZXUdv4,https://youtu.be/DvDVY7nXVco?si=e9ROPfh8QzZXUdv4,,2025/08/24,ジョー・力一、甲斐田晴、弦月藤士郎、長尾景、セラフ・ダズルガーデン、風楽奏斗、宇佐美リト、緋八マナ、伊波ライ、ミラン・ケストレル、北見遊征、榊ネス、酒寄颯馬、渚トラウト,にじさんじ,-,-,歌ってみた,FALSE,FALSE,FALSE,,一唱入魂、三華大阪,FALSE,,,,,FALSE,,,,,,,,,,,,,,,,,,,,,,,,,,0,0,0,#DIV/0!,0
モンゴルのうた,0,,,,https://youtu.be/iT3sFI7gib4?si=RACSfh_yuTByALC_&t=1890,,2025/08/28,ROF-MAO,甲斐田晴,甲斐田晴,-,ROF-MAO,FALSE,TRUE,FALSE,FALSE,,FALSE,,,,,FALSE,203,,,https://youtu.be/iT3sFI7gib4?si=RACSfh_yuTByALC_&t=1890,,,,,,,,,12.5,,12.5,,,,,,,,7.5,7.5,20,5,0,20,12,60
【Cover】secret base ～君がくれたもの～,,,,https://youtube.com/shorts/SJL7vV8ZaIk?si=-ayZS7wFPAhGPDLe,https://youtube.com/shorts/SJL7vV8ZaIk?si=-ayZS7wFPAhGPDLe,,2025/08/29,VΔLZ,ZONE,-,-,歌ってみたShorts,FALSE,FALSE,FALSE,,,FALSE,,,,,FALSE,,,,,,,,,,,,,,,,,,,,,,,,,,0,0,0,#DIV/0!,0
【Cover】Fire◎Flower,72,,,https://youtu.be/TzJ2_1yqtME?si=rHxQNDW4ySnLyQ7R,https://youtu.be/TzJ2_1yqtME?si=rHxQNDW4ySnLyQ7R,,2025/08/30,樋口楓、竜胆尊、レヴィ・エリファ、シェリン・バーガンディ、甲斐田晴、伊波ライ,halyosy,-,-,歌ってみた,FALSE,FALSE,FALSE,,,FALSE,,,,,FALSE,175,,,,,,,,,,,,,,,,,,,,,,,,,0,0,0,#DIV/0!,0
Arc goes oN Live ver 「Singin' in the Rainbow！at KOBE」,15,,,,https://youtu.be/AQSF094jqOA?si=aVG-Ec3ujLlPmQbL,,2025/08/30,樋口楓、竜胆尊、レヴィ・エリファ、シェリン・バーガンディ、甲斐田晴、伊波ライ,烏屋茶房,篠崎あやと,篠崎あやと,全体曲,FALSE,FALSE,TRUE,,,FALSE,,,,,FALSE,95,,https://nex-tone.link/A00201582,,,「にじさんじ7周年」をテーマとした、盛り上がりやエモさを感じられる楽曲のライブ音源。,えにまが,5,,30,,,25,,,,,,,,10,,,30,,5,3,30,20,100
おったまげったん,,,,https://youtu.be/z_PYVPUsDyc?si=wkcEj5VObhMSL4rx,https://youtu.be/z_PYVPUsDyc?si=wkcEj5VObhMSL4rx,,2025/10/01,ROF-MAO,山崎真吾 (SUPA LOVE),山崎真吾 (SUPA LOVE),山崎真吾 (SUPA LOVE),ROF-MAO,TRUE,FALSE,FALSE,FALSE,,FALSE,,,,,FALSE,184,,https://rof-mao.lnk.to/ottamaID,,,,,,,,,,35,40,10,,,,,,,,,,15,4,2,40,25,100
【Cover】おもかげ,62,,,https://youtu.be/MgIhrwc-g10?si=y_btSFfO_K7XveHD,https://youtu.be/MgIhrwc-g10?si=y_btSFfO_K7XveHD,,2025/10/11,VΔLZ,milet×Aimer×幾田りら,-,-,歌ってみた,FALSE,FALSE,FALSE,,,FALSE,,,,,FALSE,104,https://youtube.com/shorts/DGu3zwp1k2A?si=jbcnWge36fCMKeUt,,,,,,,,,,,,,,,,,,,,,,,,0,0,0,#DIV/0!,0
ドリーマーズハイ,212,,,https://youtu.be/TD29NOMz3hA?si=rbJwkl0HZ4fApBlw,https://youtu.be/TD29NOMz3hA?si=rbJwkl0HZ4fApBlw,,2025/10/23,ROF-MAO,Hayato Yamamoto、 Tomoki Tamatani,Hayato Yamamoto、 pw.a、 Tomoki Tamatani,pw.a、 Hayato Yamamoto,ROF-MAO,TRUE,FALSE,FALSE,FALSE,,FALSE,,,,,FALSE,134,,https://rof-mao.lnk.to/dreamershighID,,,,,,,10,,,30,10,30,,,15,,,,,,,5,6,2,30,16.66666667,100
【Cover】睨めっ娘,32,,,https://youtu.be/7hXHVsLtTFs?si=lbL1R2tcoD4klvQI,https://youtu.be/7hXHVsLtTFs?si=lbL1R2tcoD4klvQI,,2025/11/18,甲斐田晴,友成空,-,-,歌ってみたShorts,FALSE,FALSE,FALSE,,,FALSE,,,,,FALSE,165,,,,,,,,,,,,,,,,,,,,,,,,,0,0,0,#DIV/0!,0
【Cover】イージーゲーム,37,,,https://youtu.be/XjWuUcj3etY?si=I4t_TTde9Q35NQWH,https://youtu.be/XjWuUcj3etY?si=I4t_TTde9Q35NQWH,,2025/12/07,本間ひまわり、甲斐田晴,natsumi feat. 和ぬか,-,-,歌ってみた,FALSE,FALSE,FALSE,,,FALSE,,,,,FALSE,166,,,,,,,,,,,,,,,,,,,,,,,,,0,0,0,#DIV/0!,0
【Cover】勇者,42,,,https://youtu.be/B6vGn-riWJ4?si=NQb7yEY_ikJV5HBi,https://youtu.be/B6vGn-riWJ4?si=NQb7yEY_ikJV5HBi,,2026/01/24,甲斐田晴、海妹四葉,YOASOBI,-,-,歌ってみた,FALSE,FALSE,FALSE,,,FALSE,,,,,FALSE,104,,,,,,,,,,,,,,,,,,,,,,,,,0,0,0,#DIV/0!,0
【Cover】シャンティ,63,,,https://youtu.be/5jI9ntBvtcg?si=YGjz4YncL2SgZqsY,https://youtu.be/5jI9ntBvtcg?si=YGjz4YncL2SgZqsY,,2026/02/09,甲斐田晴,wotaku,-,-,歌ってみたShorts,FALSE,FALSE,FALSE,,,FALSE,,,,,FALSE,144,,,,,,,,,,,,,,,,,,,,,,,,,0,0,0,#DIV/0!,0
【Cover】シルエット,32,,,https://youtu.be/80rNyHfHa5E?si=7GQGQMfgovYtiZMl,https://youtu.be/80rNyHfHa5E?si=7GQGQMfgovYtiZMl,,2026/02/21,VΔLZ,KANA-BOON,-,-,歌ってみた,FALSE,FALSE,FALSE,,,FALSE,,,,,FALSE,183,https://youtube.com/shorts/VJSd_dogRrY?si=NgC2mQoath7de0wc,,,,,,,,,,,,,,,,,,,,,,,,0,0,0,#DIV/0!,0
【Cover】オトノケ,,,,https://youtu.be/SQSdux85Kr4?si=ywQ23N5TbqlcbZqH,https://youtu.be/SQSdux85Kr4?si=ywQ23N5TbqlcbZqH,,2026/03/02,甲斐田晴,Creepy Nuts,-,-,歌ってみた,FALSE,FALSE,FALSE,,,FALSE,,,,,FALSE,170,,,,,,,,,,,,,,,,,,,,,,,,,0,0,0,#DIV/0!,0
【Cover】テレパシ,,,,https://youtube.com/shorts/xDvCBSjmAMI?si=gHAsrdwOLPzMMFpr,https://youtube.com/shorts/xDvCBSjmAMI?si=gHAsrdwOLPzMMFpr,,2026/03/03,甲斐田晴,DECO*27,-,-,歌ってみたShorts,FALSE,FALSE,FALSE,,,FALSE,,,,,FALSE,,,,,,,,,,,,,,,,,,,,,,,,,,0,0,0,#DIV/0!,0
CRACKS,,,,,https://www.nijisanji.jp/news/qqur-196w,,2026/04/15,甲斐田晴,じん,じん,じん、すくろーす,個人(ソロ),FALSE,FALSE,FALSE,,,FALSE,,,,,FALSE,,,,,,,,,,,,,,,,,,,,,,,,,,0,0,0,#DIV/0!,0
STORM,,,,,https://www.nijisanji.jp/news/qqur-196w,,2026/04/15,甲斐田晴,田邊駿一,田邊駿一,鶴﨑輝一,個人(ソロ),FALSE,FALSE,FALSE,,,FALSE,,,,,FALSE,,,,,,,,,,,,,,,,,,,,,,,,,,0,0,0,#DIV/0!,0
アイスブレイクブレイカー,,,,,https://www.nijisanji.jp/news/qqur-196w,,2026/04/15,甲斐田晴,安部大希-amazuti-,安部大希-amazuti- / 宮崎諒-amazuti-,宮崎諒-amazuti-,個人(ソロ),FALSE,FALSE,FALSE,,,FALSE,,,,,FALSE,,,,,,,,,,,,,,,,,,,,,,,,,,0,0,0,#DIV/0!,0
Rainy Days,,,,,https://www.nijisanji.jp/news/qqur-196w,,2026/04/15,甲斐田晴,OSTER project,OSTER project,OSTER project,個人(ソロ),FALSE,FALSE,FALSE,,,FALSE,,,,,FALSE,,,,,,,,,,,,,,,,,,,,,,,,,,0,0,0,#DIV/0!,0
雪の降る日に,,,,,https://www.nijisanji.jp/news/qqur-196w,,2026/04/15,甲斐田晴,PON（ラックライフ）,PON（ラックライフ）,河合英嗣,個人(ソロ),FALSE,FALSE,FALSE,,,FALSE,,,,,FALSE,,,,,,,,,,,,,,,,,,,,,,,,,,0,0,0,#DIV/0!,0
晴れと褻,,,,,https://www.nijisanji.jp/news/qqur-196w,,2026/04/15,甲斐田晴,sabio/高村風太,sabio/高村風太,sabio/高村風太,個人(ソロ),FALSE,FALSE,FALSE,,,FALSE,,,,,FALSE,,,,,,,,,,,,,,,,,,,,,,,,,,0,0,0,#DIV/0!,0
【Cover】シャンティ,,,,,,,2026/03/20,甲斐田晴,wotaku,-,-,歌ってみた,FALSE,FALSE,FALSE,,,FALSE,,,,,FALSE,144,,,,,,,,,,,,,,,,,,,,,,,,,0,0,0,#DIV/0!,0
【Cover】,,,,,,,,,,,,,,,,,,,,,,,,,,,,,,,,,,,,,,,,,,,,,,,,,0,0,0,#DIV/0!,0
【Cover】,,,,,,,,,,,,,,,,,,,,,,,,,,,,,,,,,,,,,,,,,,,,,,,,,0,0,0,#DIV/0!,0
【Cover】,,,,,,,,,,,,,,,,,,,,,,,,,,,,,,,,,,,,,,,,,,,,,,,,,0,0,0,#DIV/0!,0
【Cover】,,,,,,,,,,,,,,,,,,,,,,,,,,,,,,,,,,,,,,,,,,,,,,,,,0,0,0,#DIV/0!,0
【Cover】,,,,,,,,,,,,,,,,,,,,,,,,,,,,,,,,,,,,,,,,,,,,,,,,,0,0,0,#DIV/0!,0
【Cover】,,,,,,,,,,,,,,,,,,,,,,,,,,,,,,,,,,,,,,,,,,,,,,,,,0,0,0,#DIV/0!,0
【Cover】,,,,,,,,,,,,,,,,,,,,,,,,,,,,,,,,,,,,,,,,,,,,,,,,,0,0,0,#DIV/0!,0
【Cover】,,,,,,,,,,,,,,,,,,,,,,,,,,,,,,,,,,,,,,,,,,,,,,,,,0,0,0,#DIV/0!,0
,,,,,,,,,,,,,,,,,,,,,,,,98,,,,,,,27,25,37,30,8,48,25,49,19,15,38,23,19,25,20,37,45,30,,,,,93
